学校,专业类,预测2024年总分
三亚学院,不限,485.33333333333576
三亚学院,不限选考科目,436.0
三亚学院,不限选考科目(中外合作办学专业),454.0
三亚学院,历史类类,480.0
三亚学院,物理类类,448.0
三峡大学,不限,524.6666666666642
三峡大学,不限选考科目,489.0
三峡大学,历史类类,518.0
三峡大学,物理类,580.1666666666715
三峡大学,物理类(必须选考),513.0
三峡大学,物理类(必须选考)(中外合作办学专业),508.0
三峡大学,物理类类,504.0
三峡大学(中外合作专业),物理类类,471.0
三峡大学科技学院,物理类,491.0
三峡大学科技学院,物理类(必须选考),455.0
三峡大学科技学院,物理类类,429.0
上海中侨职业技术大学,不限,425.0
上海中侨职业技术大学,物理类,425.0
上海中医药大学,物理类,682.25
上海中医药大学,物理类/生物(选考一门即可),578.0
上海中医药大学,物理类/生物(选考一门即可)(中外合作办学专业),552.0
上海中医药大学,物理类类,145.0
上海中医药大学(中外合作专业),物理类类,537.0
上海交通大学,不限,676.666666666667
上海交通大学,历史类类,557.0
上海交通大学,物理类,679.6470588235293
上海交通大学,物理类(必须选考),678.0
上海交通大学,物理类类,656.9999999999991
上海交通大学医学院,物理类,672.5714285714275
上海交通大学医学院,物理类(均须选考),672.0
上海交通大学医学院,物理类类,638.0
上海体育大学,不限,571.0
上海体育大学,物理类,561.0
上海体育学院,不限,616.0
上海体育学院,不限选考科目,531.0
上海体育学院,历史类类,537.0
上海体育学院,物理类,549.0
上海体育学院,物理类类,456.0
上海商学院,不限,527.0
上海商学院,不限选考科目,508.0
上海商学院,物理类,510.0
上海外国语大学,不限,622.8181818181818
上海外国语大学,不限选考科目,633.0
上海外国语大学,历史类类,531.0
上海外国语大学,物理类,633.0
上海外国语大学,物理类(必须选考),629.0
上海外国语大学,物理类类,657.0
上海大学,不限,619.1666666666666
上海大学,不限选考科目,634.0
上海大学,不限选考科目(中外合作办学专业),613.0
上海大学,历史类类,516.0
上海大学,物理类,627.5
上海大学,物理类(必须选考),623.0
上海大学,物理类类,658.0
上海大学(中外合作专业),物理类类,634.0
上海对外经贸大学,不限,568.0
上海对外经贸大学,不限选考科目,561.0
上海对外经贸大学,物理类类,566.0
上海工程技术大学,物理类类,518.0
上海师范大学,不限,585.0
上海师范大学,历史类,578.0
上海师范大学天华学院,不限,461.72727272727207
上海师范大学天华学院,不限选考科目,454.0
上海建桥学院,历史类类,480.0
上海建桥学院,物理类类,423.0
上海戏剧学院,不限,594.0
上海戏剧学院,不限选考科目,558.0
上海戏剧学院,历史类类,573.0
上海戏剧学院,物理类类,575.9999999999995
上海海事大学,不限,566.3333333333358
上海海事大学,不限选考科目,532.0
上海海事大学,物理类类,536.0
上海海洋大学,不限,552.0
上海海洋大学,不限选考科目,531.0
上海海洋大学,物理类,578.5000000000036
上海海洋大学,物理类(必须选考),537.0
上海海洋大学,物理类/生物(选考一门即可),542.0
上海海洋大学,物理类类,519.0
上海理工大学,不限,585.3571428571413
上海理工大学,不限选考科目,574.0
上海理工大学,不限选考科目(中外合作办学专业),565.0
上海理工大学,物理类,590.2142857142862
上海理工大学,物理类(必须选考),572.0
上海理工大学,物理类(必须选考)(中外合作办学专业),570.0
上海理工大学,物理类/生物(选考一门即可),573.0
上海理工大学,物理类类,587.0
上海理工大学(中外合作专业),物理类类,546.9999999999991
上海电力大学,不限,535.0
上海电力大学,不限选考科目,537.0
上海电力大学,历史类类,543.0
上海电力大学,物理类,593.6666666666679
上海电力大学,物理类(必须选考),554.0
上海电力大学,物理类类,545.0
上海立信会计金融学院,不限,540.6666666666679
上海立信会计金融学院,不限选考科目,532.0
上海立信会计金融学院,历史类类,556.0
上海立信会计金融学院,物理类,534.3333333333321
上海立信会计金融学院,物理类(选考一门即可),531.0
上海立信会计金融学院,物理类类,536.0
上海立达学院,不限,471.0
上海立达学院,物理类,448.0
上海财经大学,不限,641.0
上海财经大学,不限选考科目,641.0
上海财经大学,历史类类,530.0
上海财经大学,物理类,642.3333333333334
上海财经大学,物理类(必须选考),648.0
上海财经大学,物理类类,653.0
上海音乐学院,不限,589.3333333333321
上海音乐学院,不限选考科目,550.0
上海音乐学院,物理类类,589.0
上饶师范学院,不限,508.66666666666424
上饶师范学院,不限选考科目,474.0
上饶师范学院,历史类类,496.0
上饶师范学院,物理类,469.0
上饶师范学院,物理类(必须选考),467.0
上饶师范学院,物理类类,462.0
东北农业大学,不限,591.0
东北农业大学,不限选考科目,557.0
东北农业大学,物理类,581.6666666666679
东北农业大学,物理类(必须选考),554.0
东北农业大学,物理类/生物(选考一门即可),556.0
东北农业大学,物理类类,597.0
东北大学,不限,609.3333333333335
东北大学,不限选考科目,608.0
东北大学,历史类,625.0
东北大学,历史类类,533.0
东北大学,政治/历史类(选考一门即可),608.0
东北大学,物理类,632.1666666666661
东北大学,物理类(必须选考),619.0
东北大学,物理类/历史类/地理(选考一门即可),611.0
东北大学,物理类/生物(选考一门即可),612.0
东北大学,物理类类,635.0
东北大学,物理类／历史类,614.666666666667
东北大学秦皇岛分校,不限,597.6666666666661
东北大学秦皇岛分校,不限选考科目,584.0
东北大学秦皇岛分校,历史类类,554.0
东北大学秦皇岛分校,物理类,628.5
东北大学秦皇岛分校,物理类(必须选考),592.0
东北大学秦皇岛分校,物理类类,617.0
东北师范大学,不限,614.8333333333321
东北师范大学,不限选考科目,574.0
东北师范大学,不限选考科目(中外合作办学专业),558.0
东北师范大学,历史类,595.0
东北师范大学,历史类(必须选考),608.0
东北师范大学,历史类类,370.00000000001455
东北师范大学,政治+历史类(均须选考),594.0
东北师范大学,物理类,598.2333333333336
东北师范大学,物理类(均须选考)(中外合作办学专业),564.0
东北师范大学,物理类(必须选考),579.0
东北师范大学,物理类/历史类/地理(选考一门即可),603.0
东北师范大学,物理类类,589.0
东北师范大学(中外合作专业),历史类类,589.0
东北师范大学(中外合作专业),物理类类,580.0
东北师范大学人文学院,不限选考科目,468.0
东北师范大学人文学院,历史类类,480.0
东北林业大学,历史类类,479.0
东北林业大学,物理类,585.1666666666679
东北林业大学,物理类(必须选考),559.0
东北林业大学,物理类/生物(选考一门即可),560.0
东北林业大学,物理类类,622.0
东北电力大学,不限,521.6666666666679
东北电力大学,不限选考科目,478.0
东北电力大学,历史类类,493.0
东北电力大学,物理类,598.0
东北电力大学,物理类(必须选考),574.0
东北电力大学,物理类类,562.0
东北石油大学,物理类,502.16666666666424
东北石油大学,物理类(均须选考),490.0
东北石油大学,物理类(必须选考),474.0
东北石油大学,物理类类,118.0
东北财经大学,不限,586.333333333333
东北财经大学,不限选考科目,603.0
东北财经大学,历史类类,577.0
东北财经大学,物理类类,678.0
东华大学,不限,614.3333333333339
东华大学,不限选考科目,602.0
东华大学,物理类,612.3333333333339
东华大学,物理类(必须选考),599.0
东华大学,物理类(选考一门即可),594.0
东华大学,物理类类,608.0
东华理工大学,不限,487.66666666666697
东华理工大学,不限选考科目,493.0
东华理工大学,历史类类,499.0
东华理工大学,物理类,502.0
东华理工大学,物理类/生物(选考一门即可),473.0
东华理工大学,物理类类,467.0
东华理工大学长江学院,不限选考科目,452.0
东华理工大学长江学院,历史类类,480.0
东南大学,不限,647.0
东南大学,不限选考科目,638.0
东南大学,历史类类,526.0
东南大学,物理类,650.333333333333
东南大学,物理类(必须选考),639.0
东南大学,物理类/历史类/地理(选考一门即可),656.0
东南大学,物理类类,636.9999999999995
东南大学,物理类／历史类,645.0
中北大学,不限,509.0
中北大学,不限选考科目,498.0
中北大学,化学(必须选考),517.0
中北大学,历史类类,526.0
中北大学,物理类,543.8181818181838
中北大学,物理类(必须选考),508.0
中北大学,物理类(选考一门即可),515.0
中北大学,物理类/生物(选考一门即可),504.0
中北大学,物理类类,504.0
中北大学信息商务学院,不限选考科目,445.0
中北大学信息商务学院,历史类类,480.0
中北大学信息商务学院,物理类(必须选考),442.0
中北大学信息商务学院,物理类类,431.0
中华女子学院,不限,519.3333333333339
中华女子学院,不限选考科目,510.0
中华女子学院,历史类类,325.0
中华女子学院,物理类,531.6666666666679
中华女子学院,物理类(必须选考),505.0
中华女子学院,物理类类,495.0
中南大学,不限,634.0
中南大学,不限选考科目,624.0
中南大学,化学+生物(均须选考),637.0
中南大学,历史类类,526.0
中南大学,物理类,620.7777777777778
中南大学,物理类(均须选考),623.0
中南大学,物理类(必须选考),622.0
中南大学,物理类类,631.0
中南林业科技大学,不限,518.6666666666679
中南林业科技大学,不限选考科目,493.0
中南林业科技大学,历史类类,521.0
中南林业科技大学,物理类,512.636363636364
中南林业科技大学,物理类/生物(选考一门即可),492.0
中南林业科技大学,物理类类,495.0
中南民族大学,不限,535.0
中南民族大学,不限选考科目,524.0
中南民族大学,化学,539.3333333333358
中南民族大学,历史类类,538.0
中南民族大学,物理类,525.0
中南民族大学,物理类(选考一门即可),502.0
中南民族大学,物理类类,491.0
中南财经政法大学,不限,618.3333333333335
中南财经政法大学,不限选考科目,622.0
中南财经政法大学,历史类类,533.9999999999964
中南财经政法大学,物理类,608.0
中南财经政法大学,物理类类,625.9999999999998
中原工学院,不限,436.0
中原工学院,不限选考科目(中外合作办学专业),461.0
中原工学院,历史类类,493.0
中原工学院,物理类,487.66666666666424
中原工学院,物理类(选考一门即可)(中外合作办学专业),467.0
中原工学院,物理类类,457.0
中国人民公安大学,不限,627.6666666666661
中国人民公安大学,不限选考科目,611.0
中国人民大学,不限,672.6666666666665
中国人民大学,不限选考科目,671.0
中国人民大学,历史类类,581.0
中国人民大学,物理类,680.0
中国人民大学,物理类(必须选考),675.0
中国人民大学,物理类/历史类(选考一门即可),673.0
中国人民大学,物理类类,656.0
中国人民大学,物理类／历史类,671.0
中国人民大学(苏州校区),不限,657.0
中国人民大学(苏州校区),不限选考科目(中外合作办学专业),639.0
中国人民大学(苏州校区),历史类类,531.0
中国人民大学(苏州校区),物理类,662.3333333333339
中国人民大学(苏州校区),物理类(必须选考)(中外合作办学专业),645.0
中国人民大学(苏州校区),物理类类,648.0
中国人民警察大学,不限,539.3333333333321
中国人民警察大学,物理类,540.5
中国人民警察大学,物理类(必须选考),492.0
中国人民警察大学,物理类(选考一门即可),473.0
中国人民警察大学（女）,物理类类,586.0
中国人民警察大学（男）,物理类类,462.0
中国传媒大学,不限,625.6666666666666
中国传媒大学,不限选考科目,631.0
中国传媒大学,不限选考科目(中外合作办学专业),628.0
中国传媒大学,历史类类,541.0
中国传媒大学,物理类,598.7857142857156
中国传媒大学,物理类(必须选考),624.0
中国传媒大学,物理类类,627.9999999999998
中国传媒大学(中外合作专业),历史类类,520.0
中国传媒大学(中外合作专业),物理类类,599.0
中国传媒大学南广学院,历史类类,538.0
中国传媒大学南广学院,物理类类,478.0
中国农业大学,不限,627.3333333333339
中国农业大学,不限选考科目,632.0
中国农业大学,不限选考科目(中外合作办学专业),606.0
中国农业大学,化学,639.545454545454
中国农业大学,化学(必须选考),630.0
中国农业大学,历史类类,532.0
中国农业大学,物理类,635.333333333333
中国农业大学,物理类(必须选考),628.0
中国农业大学,物理类(选考一门即可),627.0
中国农业大学,物理类/生物(选考一门即可),636.0
中国农业大学,物理类类,627.9999999999998
中国农业大学(中外合作专业),历史类类,512.0
中国农业大学(中外合作专业),物理类类,622.0
中国劳动关系学院,不限,530.6666666666679
中国劳动关系学院,不限选考科目,506.0
中国劳动关系学院,历史类,534.6666666666679
中国劳动关系学院,历史类+地理(均须选考),521.0
中国劳动关系学院,历史类类,535.0
中国劳动关系学院,物理类,517.3333333333321
中国劳动关系学院,物理类(均须选考),506.0
中国劳动关系学院,物理类(必须选考),502.0
中国劳动关系学院,物理类类,498.0
中国医科大学,化学,584.6666666666642
中国医科大学,化学(必须选考)(中外合作办学专业),538.0
中国医科大学,化学+生物(均须选考),604.0
中国医科大学,物理类,605.0
中国医科大学,物理类类,819.0
中国医科大学(中外合作专业),物理类类,531.0
中国地质大学(北京),不限,610.0
中国地质大学(北京),不限选考科目,604.0
中国地质大学(北京),化学(必须选考),586.0
中国地质大学(北京),历史类类,532.9999999999964
中国地质大学(北京),物理类,599.8333333333339
中国地质大学(北京),物理类(均须选考),588.0
中国地质大学(北京),物理类(必须选考),595.0
中国地质大学(北京),物理类(选考一门即可),591.0
中国地质大学(北京),物理类+生物(均须选考),599.0
中国地质大学(北京),物理类/生物(选考一门即可),597.0
中国地质大学(北京),物理类类,589.9999999999995
中国地质大学(北京),物理类＋地理,629.0
中国地质大学(武汉),不限,595.0
中国地质大学(武汉),不限选考科目,581.0
中国地质大学(武汉),化学,547.0
中国地质大学(武汉),化学(必须选考),577.0
中国地质大学(武汉),历史类类,518.0
中国地质大学(武汉),物理类,593.5
中国地质大学(武汉),物理类(必须选考),579.0
中国地质大学(武汉),物理类(必须选考)(中外合作办学专业),578.0
中国地质大学(武汉),物理类(选考一门即可),576.0
中国地质大学(武汉),物理类(选考一门即可)(中外合作办学专业),566.0
中国地质大学(武汉),物理类类,605.0
中国地质大学(武汉)(中外合作专业),物理类类,602.0
中国戏曲学院,不限,542.125
中国戏曲学院,不限选考科目,535.0
中国戏曲学院,历史类类,502.99999999999636
中国政法大学,不限,660.1818181818162
中国政法大学,不限选考科目,636.0
中国政法大学,历史类类,543.0
中国政法大学,物理类类,643.0
中国民用航空飞行学院,不限,525.5
中国民用航空飞行学院,不限选考科目,480.0
中国民用航空飞行学院,物理类,525.1428571428623
中国民用航空飞行学院,物理类(必须选考),490.5
中国民用航空飞行学院,物理类(选考一门即可),508.0
中国民用航空飞行学院,物理类/生物(选考一门即可),505.0
中国民用航空飞行学院,物理类类,504.0
中国民航大学,不限,568.6666666666679
中国民航大学,不限选考科目,547.0
中国民航大学,历史类类,568.0
中国民航大学,思想政治,576.0
中国民航大学,物理类,578.1282051282033
中国民航大学,物理类(必须选考),548.5
中国民航大学,物理类(选考一门即可),547.0
中国民航大学,物理类/生物(选考一门即可),546.0
中国民航大学,物理类类,544.0
中国海洋大学,不限,625.1666666666661
中国海洋大学,不限选考科目,619.0
中国海洋大学,不限选考科目(中外合作办学专业),613.0
中国海洋大学,化学,618.666666666667
中国海洋大学,化学/生物(选考一门即可),612.0
中国海洋大学,历史类类,521.0
中国海洋大学,物理类,629.6951219512193
中国海洋大学,物理类(必须选考),617.0
中国海洋大学,物理类(必须选考)(中外合作办学专业),596.0
中国海洋大学,物理类/生物(选考一门即可),619.0
中国海洋大学,物理类/生物(选考一门即可)(中外合作办学专业),592.0
中国海洋大学,物理类类,644.0
中国海洋大学(中外合作专业),历史类类,521.0
中国海洋大学(中外合作专业),物理类类,577.0
中国石油大学(北京),不限,608.3333333333339
中国石油大学(北京),不限选考科目,598.0
中国石油大学(北京),历史类类,529.9999999999964
中国石油大学(北京),思想政治,612.0
中国石油大学(北京),政治(必须选考),597.0
中国石油大学(北京),物理类,603.2222222222226
中国石油大学(北京),物理类(必须选考),588.0
中国石油大学(北京),物理类(选考一门即可),581.0
中国石油大学(北京),物理类/生物(选考一门即可),581.0
中国石油大学(北京),物理类类,609.0
中国石油大学(北京)克拉玛依校区,不限,578.0
中国石油大学(北京)克拉玛依校区,不限选考科目,522.0
中国石油大学(北京)克拉玛依校区,历史类类,168.0
中国石油大学(北京)克拉玛依校区,物理类,573.3333333333358
中国石油大学(北京)克拉玛依校区,物理类(选考一门即可),526.0
中国石油大学(北京)克拉玛依校区,物理类类,382.0
中国石油大学(华东),化学(必须选考),568.0
中国石油大学(华东),历史类类,510.0
中国石油大学(华东),物理类,595.6666666666679
中国石油大学(华东),物理类(均须选考),567.0
中国石油大学(华东),物理类(必须选考),572.0
中国石油大学(华东),物理类(选考一门即可),572.0
中国石油大学(华东),物理类/历史类(选考一门即可),578.0
中国石油大学(华东),物理类类,607.0
中国石油大学(华东),物理类／历史类,611.6666666666679
中国石油大学胜利学院,不限选考科目,463.0
中国石油大学胜利学院,历史类类,480.0
中国石油大学胜利学院,物理类(必须选考),465.0
中国石油大学胜利学院,物理类类,448.0
中国矿业大学,不限,591.3333333333321
中国矿业大学,不限选考科目,558.0
中国矿业大学,历史类类,492.99999999999636
中国矿业大学,物理类,589.1666666666679
中国矿业大学,物理类(必须选考),572.0
中国矿业大学,物理类(必须选考)(中外合作办学专业),563.0
中国矿业大学,物理类类,587.0
中国矿业大学(中外合作专业),物理类类,564.0
中国矿业大学(北京),不限,601.6666666666661
中国矿业大学(北京),不限选考科目,597.0
中国矿业大学(北京),历史类类,521.0
中国矿业大学(北京),物理类,597.3333333333339
中国矿业大学(北京),物理类(必须选考),589.0
中国矿业大学(北京),物理类(选考一门即可),586.0
中国矿业大学(北京),物理类/历史类/地理(选考一门即可),597.0
中国矿业大学(北京),物理类/地理(选考一门即可),587.0
中国矿业大学(北京),物理类/生物(选考一门即可),581.0
中国矿业大学(北京),物理类类,612.0
中国社会科学院大学,不限,639.6666666666665
中国社会科学院大学,不限选考科目,639.0
中国社会科学院大学,历史类,652.666666666667
中国社会科学院大学,历史类/地理(选考一门即可),648.0
中国社会科学院大学,历史类类,535.0
中国社会科学院大学,物理类类,643.0
中国科学技术大学,物理类,675.666666666667
中国科学技术大学,物理类(必须选考),671.0
中国科学技术大学,物理类类,655.0
中国科学院大学,物理类,679.25
中国科学院大学,物理类(必须选考),678.0
中国科学院大学,物理类(选考一门即可),677.0
中国科学院大学,物理类/生物(选考一门即可),679.0
中国科学院大学,物理类类,653.9999999999991
中国美术学院,不限,611.0
中国药科大学,历史类类,531.0
中国药科大学,物理类,618.3846153846134
中国药科大学,物理类(选考一门即可),601.0
中国药科大学,物理类/生物(选考一门即可),578.0
中国药科大学,物理类类,604.0
中国计量大学,不限,513.0
中国计量大学,化学,501.0
中国计量大学,化学(必须选考),525.0
中国计量大学,历史类类,538.0
中国计量大学,物理类,573.5454545454559
中国计量大学,物理类(必须选考),524.0
中国计量大学,物理类类,520.0
中央戏剧学院,不限,604.0
中央民族大学,不限,620.3333333333334
中央民族大学,不限选考科目,626.0
中央民族大学,历史类,630.333333333333
中央民族大学,历史类(必须选考),627.0
中央民族大学,历史类类,523.0
中央民族大学,物理类,613.8695652173913
中央民族大学,物理类(必须选考),624.0
中央民族大学,物理类/生物(选考一门即可),625.0
中央民族大学,物理类/生物(选考一门即可)(中外合作办学专业),609.0
中央民族大学,物理类类,635.0
中央民族大学(中外合作专业),物理类类,609.0
中央美术学院,不限,617.0
中央财经大学,不限,639.6666666666665
中央财经大学,不限选考科目,643.0
中央财经大学,不限选考科目(中外合作办学专业),636.0
中央财经大学,历史类类,534.0
中央财经大学,物理类,639.666666666667
中央财经大学,物理类(必须选考),648.0
中央财经大学,物理类类,656.0
中央财经大学(中外合作专业),物理类类,637.9999999999998
中山大学,不限,647.0
中山大学,不限选考科目,645.0
中山大学,历史类,647.0
中山大学,历史类(必须选考),648.0
中山大学,历史类类,527.0
中山大学,物理类,646.8333333333335
中山大学,物理类(均须选考),648.0
中山大学,物理类(必须选考),639.0
中山大学,物理类(选考一门即可),642.0
中山大学,物理类类,651.0
丽江文化旅游学院,不限,472.33333333333576
九江学院,不限,495.66666666666424
九江学院,不限选考科目,468.0
九江学院,历史类类,496.0
九江学院,物理类类,462.0
云南农业大学,物理类,549.6666666666642
云南农业大学,物理类/生物(选考一门即可),482.0
云南农业大学,物理类类,476.0
云南大学,化学+生物(均须选考),576.0
云南大学,历史类,598.636363636364
云南大学,历史类类,551.0
云南大学,政治/历史类(选考一门即可),579.0
云南大学,物理类,593.4285714285706
云南大学,物理类类,580.0
云南大学旅游文化学院,不限选考科目,437.0
云南大学旅游文化学院,历史类类,480.0
云南大学旅游文化学院,物理类类,432.0
云南师范大学,不限,508.0
云南师范大学,不限选考科目,502.0
云南师范大学,历史类,568.0
云南师范大学,历史类类,532.0
云南师范大学,物理类类,499.0
云南财经大学,不限,513.6666666666679
云南财经大学,不限选考科目,506.0
云南财经大学,历史类类,522.0
云南财经大学,物理类类,497.0
井冈山大学,不限,497.0
井冈山大学,不限选考科目,472.0
井冈山大学,化学+生物(均须选考),482.0
井冈山大学,历史类类,494.0
井冈山大学,物理类,512.3333333333358
井冈山大学,物理类(必须选考),469.0
井冈山大学,物理类类,462.0
佳木斯大学,化学+生物(均须选考),492.0
佳木斯大学,物理类,551.0
佳木斯大学,物理类类,459.0
保定理工学院,不限,479.6666666666679
保定理工学院,不限选考科目,460.0
保定理工学院,历史类类,480.0
保定理工学院,物理类,465.36363636363603
保定理工学院,物理类/地理(选考一门即可),458.0
保定理工学院,物理类类,424.0
兰州交通大学,不限,501.0
兰州交通大学,物理类,551.0
兰州交通大学,物理类(必须选考),504.0
兰州交通大学,物理类类,501.0
兰州大学,不限,610.6666666666665
兰州大学,不限选考科目,611.0
兰州大学,化学,623.0
兰州大学,化学(必须选考),610.0
兰州大学,化学+生物(均须选考),617.0
兰州大学,历史类,623.666666666667
兰州大学,历史类/地理(选考一门即可),622.0
兰州大学,历史类类,526.0
兰州大学,物理类,624.3846153846152
兰州大学,物理类(必须选考),613.0
兰州大学,物理类/生物(选考一门即可),612.0
兰州大学,物理类/生物/地理(选考一门即可),614.0
兰州大学,物理类类,616.0
兰州理工大学,不限,518.6666666666642
兰州理工大学,不限选考科目,488.0
兰州理工大学,历史类类,503.0
兰州理工大学,物理类,520.0
兰州理工大学,物理类(必须选考),502.0
兰州理工大学,物理类类,494.0
兰州财经大学,不限,510.0
兰州财经大学,不限选考科目,474.0
兰州财经大学,历史类类,501.0
兰州财经大学,物理类,449.0
兰州财经大学,物理类(必须选考),474.0
兰州财经大学,物理类类,469.0
内蒙古农业大学,不限,494.3333333333321
内蒙古农业大学,不限选考科目,479.0
内蒙古农业大学,历史类类,496.0
内蒙古农业大学,物理类,444.0
内蒙古农业大学,物理类/生物(选考一门即可),476.0
内蒙古农业大学,物理类类,467.0
内蒙古大学,不限,584.6666666666679
内蒙古大学,不限选考科目,536.0
内蒙古大学,化学,587.6666666666642
内蒙古大学,化学(必须选考),560.0
内蒙古大学,化学+生物(均须选考),559.0
内蒙古大学,历史类,593.3333333333321
内蒙古大学,历史类+地理(均须选考),575.0
内蒙古大学,历史类类,518.0
内蒙古大学,历史类＋地理,579.0
内蒙古大学,思想政治,574.6666666666661
内蒙古大学,政治/历史类(选考一门即可),561.0
内蒙古大学,物理类,590.4705882352937
内蒙古大学,物理类(必须选考),552.0
内蒙古大学,物理类类,610.0
内蒙古科技大学,不限,443.0
内蒙古科技大学,不限选考科目,473.0
内蒙古科技大学,历史类,466.0
内蒙古科技大学,历史类类,497.0
内蒙古科技大学,思想政治,505.0
内蒙古科技大学,物理类,509.66666666666424
内蒙古科技大学,物理类类,466.0
内蒙古科技大学,物理类／历史类,487.0
内蒙古艺术学院,不限,493.0
内蒙古艺术学院,不限选考科目,446.0
内蒙古艺术学院,历史类类,491.0
北京中医药大学,不限,601.3333333333321
北京中医药大学,不限选考科目,598.0
北京中医药大学,历史类类,316.0
北京中医药大学,物理类,580.1666666666679
北京中医药大学,物理类/生物(选考一门即可),559.5
北京中医药大学,物理类类,346.00000000001455
北京中医药大学东方学院,不限,482.3333333333321
北京中医药大学东方学院,不限选考科目,483.0
北京中医药大学东方学院,历史类类,505.0
北京中医药大学东方学院,物理类,502.75
北京中医药大学东方学院,物理类/生物(选考一门即可),479.0
北京中医药大学东方学院,物理类类,473.0
北京交通大学,不限,632.0
北京交通大学,不限选考科目,633.0
北京交通大学,历史类类,538.0
北京交通大学,物理类,637.7142857142844
北京交通大学,物理类(必须选考),634.0
北京交通大学,物理类(必须选考)(中外合作办学专业),617.0
北京交通大学,物理类(选考一门即可),635.0
北京交通大学,物理类(选考一门即可)(中外合作办学专业),624.0
北京交通大学,物理类类,647.0
北京交通大学(中外合作专业),物理类类,643.0
北京交通大学(威海校区),不限,617.6666666666679
北京交通大学(威海校区),不限选考科目(中外合作办学专业),577.0
北京交通大学(威海校区),历史类类,524.0
北京交通大学(威海校区),物理类,618.6666666666679
北京交通大学(威海校区),物理类(必须选考)(中外合作办学专业),586.0
北京交通大学(威海校区),物理类(选考一门即可)(中外合作办学专业),580.0
北京交通大学(威海校区),物理类类,614.0
北京交通大学海滨学院,不限选考科目,465.0
北京交通大学海滨学院,物理类(必须选考),459.0
北京交通大学海滨学院,物理类类,454.0
北京体育大学,不限,494.0
北京体育大学,历史类,594.0
北京体育大学,思想政治,596.3333333333321
北京体育大学,物理类,596.5555555555547
北京信息科技大学,不限,532.0
北京信息科技大学,不限选考科目,522.0
北京信息科技大学,历史类类,546.0
北京信息科技大学,物理类,540.3333333333358
北京信息科技大学,物理类(必须选考),511.5
北京信息科技大学,物理类/生物(选考一门即可),520.0
北京信息科技大学,物理类类,412.0
北京农学院,不限,496.33333333333576
北京农学院,不限选考科目,484.0
北京农学院,不限选考科目(中外合作办学专业),476.0
北京农学院,化学(必须选考),484.0
北京农学院,化学/生物(选考一门即可)(中外合作办学专业),464.0
北京农学院,历史类类,519.0
北京农学院,物理类,499.74137931034784
北京农学院,物理类(必须选考),488.0
北京农学院,物理类类,214.0
北京农学院,生物(必须选考),476.0
北京农学院(中外合作专业),历史类类,509.0
北京农学院(中外合作专业),物理类类,462.0
北京化工大学,不限,613.0
北京化工大学,不限选考科目,615.0
北京化工大学,历史类类,530.9999999999964
北京化工大学,物理类,606.6666666666661
北京化工大学,物理类(均须选考),609.0
北京化工大学,物理类(均须选考)(中外合作办学专业),581.0
北京化工大学,物理类(必须选考),614.0
北京化工大学,物理类(选考一门即可),613.0
北京化工大学,物理类/生物(选考一门即可),613.0
北京化工大学,物理类/生物(选考一门即可)(中外合作办学专业),584.0
北京化工大学,物理类类,641.0
北京化工大学(中外合作专业),物理类类,595.0
北京协和医学院,不限,579.3333333333321
北京协和医学院,物理类/生物(选考一门即可),547.0
北京协和医学院,物理类类,545.9999999999995
北京印刷学院,不限,515.6666666666661
北京印刷学院,不限选考科目,509.0
北京印刷学院,化学,511.33333333333394
北京印刷学院,化学(必须选考),507.0
北京印刷学院,历史类类,330.0
北京印刷学院,物理类,509.1666666666679
北京印刷学院,物理类(必须选考),501.0
北京印刷学院,物理类(选考一门即可),502.0
北京印刷学院,物理类类,334.0
北京吉利学院,历史类类,480.0
北京吉利学院,物理类类,426.0
北京城市学院,不限,478.3636363636324
北京城市学院,不限选考科目,442.0
北京城市学院,历史类,499.66666666666424
北京城市学院,历史类/地理(选考一门即可),457.0
北京城市学院,历史类类,480.0
北京城市学院,物理类,482.41176470588107
北京城市学院,物理类(必须选考),442.0
北京城市学院,物理类/历史类/地理(选考一门即可),450.0
北京城市学院,物理类/生物(选考一门即可),452.0
北京城市学院,物理类类,433.0
北京城市学院,物理类／历史类,472.0
北京外国语大学,不限,629.6999999999999
北京外国语大学,不限选考科目,639.0
北京外国语大学,不限选考科目(中外合作办学专业),632.0
北京外国语大学,历史类,653.0
北京外国语大学,历史类(必须选考),640.0
北京外国语大学,历史类类,521.0
北京外国语大学,思想政治,631.0
北京外国语大学,政治(必须选考),639.0
北京外国语大学,物理类(必须选考),635.0
北京外国语大学,物理类/历史类/地理(选考一门即可),639.0
北京外国语大学,物理类类,650.0
北京外国语大学(中外合作专业),历史类类,526.0
北京外国语大学(中外合作专业),物理类类,672.0
北京大学,不限,692.666666666667
北京大学,不限选考科目,684.0
北京大学,历史类类,595.0
北京大学,物理类,690.0
北京大学,物理类(必须选考),690.0
北京大学,物理类(选考一门即可),683.0
北京大学,物理类类,650.0
北京大学医学部,不限,661.5
北京大学医学部,化学+生物(均须选考),667.0
北京大学医学部,物理类,666.8529411764706
北京大学医学部,物理类(均须选考),665.0
北京大学医学部,物理类类,661.9999999999998
北京工业大学,不限,599.3333333333339
北京工业大学,不限选考科目,599.0
北京工业大学,不限选考科目(中外合作办学专业),587.0
北京工业大学,化学/生物(选考一门即可),593.0
北京工业大学,历史类类,516.9999999999964
北京工业大学,物理类,599.0
北京工业大学,物理类(必须选考),592.0
北京工业大学,物理类(必须选考)(中外合作办学专业),580.0
北京工业大学,物理类(选考一门即可),585.0
北京工业大学,物理类/生物(选考一门即可),595.0
北京工业大学,物理类类,607.0
北京工业大学北京－都柏林国际学院,物理类类,599.0
北京工业大学耿丹学院,不限,472.33333333333576
北京工业大学耿丹学院,不限选考科目,436.0
北京工业大学耿丹学院,历史类类,480.0
北京工业大学耿丹学院,物理类,472.33333333333576
北京工业大学耿丹学院,物理类(必须选考),436.0
北京工业大学耿丹学院,物理类类,423.0
北京工商大学,不限,553.0
北京工商大学,不限选考科目,538.0
北京工商大学,化学,539.8333333333339
北京工商大学,化学(必须选考),532.0
北京工商大学,历史类类,422.0
北京工商大学,物理类,546.8333333333321
北京工商大学,物理类(必须选考),535.0
北京工商大学,物理类(必须选考)(中外合作办学专业),550.0
北京工商大学,物理类(选考一门即可),537.0
北京工商大学,物理类/生物(选考一门即可),534.0
北京工商大学,物理类/生物(选考一门即可)(中外合作办学专业),540.0
北京工商大学,物理类类,488.0
北京工商大学(中外合作专业),物理类类,509.9999999999982
北京工商大学嘉华学院,不限,472.33333333333576
北京工商大学嘉华学院,不限选考科目,436.0
北京工商大学嘉华学院,历史类类,480.0
北京工商大学嘉华学院,物理类,472.33333333333576
北京工商大学嘉华学院,物理类类,423.0
北京师范大学,不限,653.0
北京师范大学,不限选考科目,660.0
北京师范大学,历史类,669.333333333333
北京师范大学,历史类/地理(选考一门即可),663.0
北京师范大学,历史类类,560.0
北京师范大学,物理类,658.6666666666666
北京师范大学,物理类(必须选考),662.0
北京师范大学,物理类(选考一门即可),663.0
北京师范大学,物理类类,645.0
北京师范大学(珠海校区),不限,640.3333333333339
北京师范大学(珠海校区),不限选考科目,617.0
北京师范大学(珠海校区),历史类类,597.0
北京师范大学(珠海校区),物理类,640.8333333333339
北京师范大学(珠海校区),物理类(必须选考),621.0
北京师范大学(珠海校区),物理类类,616.0
北京师范大学-香港浸会大学联合国际学院,不限,595.3333333333358
北京师范大学-香港浸会大学联合国际学院,不限选考科目(中外合作办学专业),552.0
北京师范大学-香港浸会大学联合国际学院,历史类类,484.0
北京师范大学-香港浸会大学联合国际学院,物理类,594.6666666666679
北京师范大学-香港浸会大学联合国际学院,物理类(必须选考)(中外合作办学专业),567.0
北京师范大学-香港浸会大学联合国际学院,物理类类,605.0
北京建筑大学,不限,531.6666666666661
北京建筑大学,不限选考科目,530.0
北京建筑大学,历史类类,334.0
北京建筑大学,地理,553.0
北京建筑大学,地理(必须选考),532.0
北京建筑大学,物理类,526.0
北京建筑大学,物理类(必须选考),516.0
北京建筑大学,物理类(选考一门即可),533.0
北京建筑大学,物理类/历史类/地理(选考一门即可),554.0
北京建筑大学,物理类类,442.99999999999636
北京建筑大学,物理类／历史类,557.6666666666661
北京建筑大学(中外合作专业),物理类类,549.0
北京服装学院,不限,501.3333333333321
北京服装学院,不限选考科目,481.0
北京服装学院,化学,482.0
北京服装学院,化学(必须选考),478.0
北京服装学院,历史类类,524.0
北京服装学院,物理类,484.3333333333321
北京服装学院,物理类(必须选考),479.0
北京服装学院,物理类(选考一门即可),482.0
北京服装学院,物理类类,471.0
北京林业大学,不限,605.0
北京林业大学,不限选考科目,618.0
北京林业大学,化学,612.8888888888896
北京林业大学,化学(必须选考),606.0
北京林业大学,化学/生物(选考一门即可),613.0
北京林业大学,化学/生物(选考一门即可)(中外合作办学专业),601.0
北京林业大学,历史类类,533.9999999999964
北京林业大学,物理类,609.2000000000003
北京林业大学,物理类(均须选考),606.0
北京林业大学,物理类(必须选考),607.0
北京林业大学,物理类/历史类/地理(选考一门即可),624.0
北京林业大学,物理类/地理(选考一门即可),617.0
北京林业大学,物理类/生物(选考一门即可),607.0
北京林业大学,物理类/生物(选考一门即可)(中外合作办学专业),595.0
北京林业大学,物理类/生物/地理(选考一门即可),634.0
北京林业大学,物理类类,609.9999999999998
北京林业大学,物理类／历史类,614.3333333333333
北京林业大学(中外合作专业),物理类类,560.0
北京物资学院,不限,516.0
北京物资学院,不限选考科目,506.0
北京物资学院,历史类类,354.0
北京物资学院,物理类,505.70588235294235
北京物资学院,物理类(必须选考),503.0
北京物资学院,物理类/生物(选考一门即可),516.0
北京物资学院,物理类类,340.0
北京理工大学,不限,643.0
北京理工大学,不限选考科目,654.0
北京理工大学,不限选考科目(中外合作办学专业),630.0
北京理工大学,历史类类,534.0
北京理工大学,物理类,650.6176470588235
北京理工大学,物理类(必须选考),653.0
北京理工大学,物理类类,646.9999999999995
北京理工大学(中外合作专业),物理类类,637.0
北京理工大学珠海学院,不限,498.33333333333576
北京理工大学珠海学院,不限选考科目,473.0
北京理工大学珠海学院,历史类类,486.0
北京理工大学珠海学院,物理类,490.0
北京理工大学珠海学院,物理类(必须选考),491.0
北京理工大学珠海学院,物理类类,468.0
北京电影学院,不限,598.0
北京电影学院,不限选考科目,621.0
北京电影学院,历史类,592.0
北京电影学院,历史类类,505.0
北京电影学院,物理类,603.5714285714287
北京电影学院,物理类(必须选考),621.0
北京电影学院,物理类类,707.0
北京石油化工学院,不限,496.6666666666679
北京石油化工学院,不限选考科目,479.0
北京石油化工学院,化学,490.0
北京石油化工学院,历史类类,527.0
北京石油化工学院,物理类,493.5
北京石油化工学院,物理类(必须选考),484.0
北京石油化工学院,物理类(选考一门即可),478.0
北京石油化工学院,物理类/生物(选考一门即可),478.0
北京石油化工学院,物理类类,472.0
北京科技大学,不限,623.6666666666665
北京科技大学,不限选考科目,625.0
北京科技大学,历史类类,528.0
北京科技大学,物理类,634.3333333333339
北京科技大学,物理类(必须选考),626.0
北京科技大学,物理类(选考一门即可),626.0
北京科技大学,物理类类,635.0
北京科技大学天津学院,不限,488.0
北京科技大学天津学院,不限选考科目,463.0
北京科技大学天津学院,化学,493.66666666666424
北京科技大学天津学院,化学(必须选考),453.0
北京科技大学天津学院,历史类类,496.0
北京科技大学天津学院,物理类,486.5
北京科技大学天津学院,物理类(必须选考),466.0
北京科技大学天津学院,物理类/生物(选考一门即可),463.0
北京科技大学天津学院,物理类类,457.0
北京第二外国语学院,不限,527.0
北京第二外国语学院,不限选考科目,544.0
北京第二外国语学院,历史类类,450.0
北京第二外国语学院,物理类类,502.0
北京第二外国语学院中瑞酒店管理学院,不限,472.33333333333576
北京第二外国语学院中瑞酒店管理学院,不限选考科目,436.0
北京第二外国语学院中瑞酒店管理学院,历史类类,480.0
北京第二外国语学院中瑞酒店管理学院,物理类类,423.0
北京联合大学,不限,505.11594202898414
北京联合大学,不限选考科目,480.0
北京联合大学,不限选考科目(中外合作办学专业),472.0
北京联合大学,历史类,525.6666666666642
北京联合大学,历史类/地理(选考一门即可),482.0
北京联合大学,历史类类,510.0
北京联合大学,物理类,503.6239999999998
北京联合大学,物理类(必须选考),484.0
北京联合大学,物理类(必须选考)(中外合作办学专业),467.0
北京联合大学,物理类/地理(选考一门即可),482.0
北京联合大学,物理类/生物(选考一门即可),477.0
北京联合大学,物理类类,472.0
北京联合大学(中外合作专业),物理类类,472.0
北京航空航天大学,不限,653.3333333333335
北京航空航天大学,历史类类,552.9999999999964
北京航空航天大学,物理类,646.818181818182
北京航空航天大学,物理类(必须选考),661.0
北京航空航天大学,物理类类,646.0
北京语言大学,不限,586.9999999999991
北京语言大学,不限选考科目,610.0
北京语言大学,历史类类,557.0
北京语言大学,物理类,588.833333333333
北京语言大学,物理类(必须选考),602.0
北京语言大学,物理类/生物(选考一门即可),612.0
北京语言大学,物理类类,599.0
北京邮电大学,不限,638.6666666666665
北京邮电大学,不限选考科目,636.5
北京邮电大学,历史类类,537.9999999999964
北京邮电大学,物理类,660.0
北京邮电大学,物理类(必须选考),641.0
北京邮电大学,物理类类,642.9999999999998
北京邮电大学(宏福校区),物理类,632.2857142857138
北京邮电大学(宏福校区),物理类(必须选考)(中外合作办学专业),621.0
北京邮电大学(宏福校区),物理类类,625.9999999999998
北京邮电大学世纪学院,不限,472.33333333333576
北京邮电大学世纪学院,不限选考科目,436.0
北京邮电大学世纪学院,历史类类,480.0
北京邮电大学世纪学院,物理类,472.33333333333576
北京邮电大学世纪学院,物理类(必须选考),436.0
北京邮电大学世纪学院,物理类类,423.0
北华大学,不限,540.6666666666679
北华大学,不限选考科目,509.0
北华大学,历史类类,526.0
北华大学,物理类,538.0
北华大学,物理类/生物(选考一门即可),514.0
北华大学,物理类类,494.0
北华航天工业学院,不限,507.6666666666679
北华航天工业学院,不限选考科目,495.0
北华航天工业学院,历史类类,507.0
北华航天工业学院,物理类,509.6666666666679
北华航天工业学院,物理类(必须选考),498.0
北华航天工业学院,物理类(必须选考)(中外合作办学专业),478.0
北华航天工业学院,物理类类,491.0
北华航天工业学院(中外合作专业),物理类类,460.0
北方工业大学,不限,537.3333333333339
北方工业大学,不限选考科目,532.0
北方工业大学,化学,532.6666666666661
北方工业大学,化学(必须选考),531.0
北方工业大学,历史类类,552.0
北方工业大学,物理类,521.1538461538457
北方工业大学,物理类(必须选考),527.0
北方工业大学,物理类(必须选考)(中外合作办学专业),498.0
北方工业大学,物理类/历史类/地理(选考一门即可),535.0
北方工业大学,物理类/生物(选考一门即可),533.0
北方工业大学,物理类类,496.0
北方工业大学,物理类／历史类,530.6666666666665
北方工业大学,生物/历史类/地理(选考一门即可),532.0
北方工业大学,生物／历史类,529.666666666667
北方民族大学,不限,508.66666666666424
北方民族大学,不限选考科目,473.0
北方民族大学,历史类类,502.0
北方民族大学,物理类,540.3333333333358
北方民族大学,物理类类,465.0
华东交通大学,物理类,528.0
华东交通大学,物理类(必须选考),498.0
华东交通大学,物理类类,498.0
华东交通大学理工学院,不限选考科目,452.0
华东交通大学理工学院,历史类类,480.0
华东交通大学理工学院,物理类(必须选考),460.0
华东交通大学理工学院,物理类类,439.0
华东师范大学,不限,649.6666666666665
华东师范大学,不限选考科目,647.0
华东师范大学,历史类类,543.0
华东师范大学,物理类,652.166666666667
华东师范大学,物理类(必须选考),642.0
华东师范大学,物理类(选考一门即可),647.0
华东师范大学,物理类类,651.0
华东政法大学,不限,633.666666666667
华东政法大学,不限选考科目,628.0
华东政法大学,历史类类,553.0
华东政法大学,物理类类,659.0
华东理工大学,不限,621.333333333333
华东理工大学,不限选考科目,616.0
华东理工大学,化学(必须选考)(中外合作办学专业),595.0
华东理工大学,历史类类,599.0
华东理工大学,物理类,626.5
华东理工大学,物理类(必须选考),617.0
华东理工大学,物理类(选考一门即可),617.0
华东理工大学,物理类(选考一门即可)(中外合作办学专业),606.0
华东理工大学,物理类类,646.0
华东理工大学(中外合作专业),物理类类,597.0
华中农业大学,不限,587.6666666666661
华中农业大学,不限选考科目,573.0
华中农业大学,化学,635.3333333333321
华中农业大学,化学/生物(选考一门即可),606.0
华中农业大学,历史类类,499.0
华中农业大学,物理类,596.3333333333321
华中农业大学,物理类(必须选考),570.0
华中农业大学,物理类/历史类/地理(选考一门即可),580.0
华中农业大学,物理类/生物(选考一门即可),576.0
华中农业大学,物理类类,604.0
华中农业大学,物理类／历史类,596.6666666666666
华中师范大学,不限,620.0
华中师范大学,不限选考科目,602.0
华中师范大学,化学,621.333333333333
华中师范大学,化学(必须选考),616.0
华中师范大学,历史类类,544.0
华中师范大学,政治+历史类(均须选考),605.0
华中师范大学,物理类,618.166666666667
华中师范大学,物理类(必须选考),596.0
华中师范大学,物理类/生物(选考一门即可),612.0
华中师范大学,物理类类,622.0
华中师范大学,生物/政治/历史类(选考一门即可),615.0
华中师范大学,生物／历史类,624.3333333333339
华中师范大学(中外合作专业),历史类类,508.0
华中师范大学(中外合作专业),物理类类,610.0
华中科技大学,不限,644.6666666666665
华中科技大学,不限选考科目,639.0
华中科技大学,化学+生物(均须选考),647.0
华中科技大学,历史类类,535.0
华中科技大学,物理类,651.4166666666661
华中科技大学,物理类(必须选考),642.0
华中科技大学,物理类(选考一门即可),638.0
华中科技大学,物理类/历史类/地理(选考一门即可),639.0
华中科技大学,物理类/生物(选考一门即可),639.0
华中科技大学,物理类类,645.0
华中科技大学,物理类／历史类,646.0
华侨大学,不限,544.3333333333321
华侨大学,不限选考科目,528.0
华侨大学,化学,528.0
华侨大学,历史类,518.0
华侨大学,历史类类,554.0
华侨大学,政治/历史类/地理(选考一门即可),535.0
华侨大学,物理类,585.6666666666642
华侨大学,物理类(必须选考),530.0
华侨大学,物理类类,528.0
华北水利水电大学,不限,476.0
华北水利水电大学,化学,529.0
华北水利水电大学,历史类类,505.0
华北水利水电大学,物理类,523.9565217391355
华北水利水电大学,物理类(必须选考),493.0
华北水利水电大学,物理类(必须选考)(中外合作办学专业),466.0
华北水利水电大学,物理类(选考一门即可),499.0
华北水利水电大学,物理类/历史类/地理(选考一门即可),505.0
华北水利水电大学,物理类类,498.0
华北水利水电大学(中外合作专业),物理类类,467.0
华北理工大学,不限,542.0
华北理工大学,不限选考科目,512.0
华北理工大学,化学,622.0
华北理工大学,化学+生物(均须选考),569.0
华北理工大学,化学/生物(选考一门即可),573.0
华北理工大学,历史类类,515.0
华北理工大学,物理类,567.0
华北理工大学,物理类(必须选考),505.0
华北理工大学,物理类+生物(均须选考),538.0
华北理工大学,物理类/生物(选考一门即可),547.0
华北理工大学,物理类类,507.0
华北理工大学冀唐学院,化学+生物(均须选考),463.0
华北理工大学冀唐学院,物理类,512.3333333333358
华北理工大学冀唐学院,物理类类,462.0
华北理工大学轻工学院,不限,478.6666666666679
华北理工大学轻工学院,不限选考科目,459.0
华北理工大学轻工学院,历史类类,494.0
华北理工大学轻工学院,物理类类,463.0
华北电力大学(保定),不限,604.3333333333321
华北电力大学(保定),不限选考科目,584.0
华北电力大学(保定),化学,608.666666666667
华北电力大学(保定),化学(必须选考),598.0
华北电力大学(保定),历史类类,504.0
华北电力大学(保定),物理类,610.333333333333
华北电力大学(保定),物理类(必须选考),601.0
华北电力大学(保定),物理类/历史类(选考一门即可),608.0
华北电力大学(保定),物理类类,599.9999999999995
华北电力大学(北京),不限,617.333333333333
华北电力大学(北京),不限选考科目,617.0
华北电力大学(北京),化学,619.333333333333
华北电力大学(北京),化学(必须选考),618.0
华北电力大学(北京),历史类类,529.0
华北电力大学(北京),物理类,620.666666666667
华北电力大学(北京),物理类(必须选考),616.0
华北电力大学(北京),物理类/历史类(选考一门即可),623.0
华北电力大学(北京),物理类类,632.0
华北电力大学科技学院,不限选考科目,474.0
华北电力大学科技学院,历史类类,494.0
华北电力大学科技学院,物理类(必须选考),470.0
华北电力大学科技学院,物理类类,465.0
华北科技学院,不限,497.6666666666679
华北科技学院,不限选考科目,475.0
华北科技学院,化学(必须选考),475.0
华北科技学院,历史类类,508.0
华北科技学院,物理类,491.3333333333321
华北科技学院,物理类(必须选考),477.0
华北科技学院,物理类(必须选考)(中外合作办学专业),469.0
华北科技学院,物理类类,469.0
华北科技学院(中外合作专业),物理类类,463.0
华南农业大学,化学,550.0
华南农业大学,化学/生物(选考一门即可),557.0
华南农业大学,物理类,591.0
华南农业大学,物理类(必须选考),555.0
华南农业大学,物理类/生物(选考一门即可),558.0
华南农业大学,物理类类,630.0
华南理工大学,不限,627.0
华南理工大学,不限选考科目,626.0
华南理工大学,历史类类,532.9999999999964
华南理工大学,物理类,632.7777777777778
华南理工大学,物理类(均须选考),635.0
华南理工大学,物理类(必须选考),630.0
华南理工大学,物理类(选考一门即可),640.0
华南理工大学,物理类/生物(选考一门即可),629.0
华南理工大学,物理类类,649.0
南京中医药大学,化学,579.666666666667
南京中医药大学,化学/生物(选考一门即可),573.0
南京中医药大学,历史类类,625.0
南京中医药大学,物理类类,368.0
南京中医药大学翰林学院,历史类类,493.0
南京传媒学院,不限,486.0
南京传媒学院,不限选考科目,496.0
南京信息工程大学,物理类,613.3333333333321
南京信息工程大学,物理类(必须选考),580.0
南京信息工程大学,物理类(必须选考)(中外合作办学专业),568.0
南京信息工程大学,物理类类,586.0
南京信息工程大学(中外合作专业),物理类类,636.0
南京农业大学,不限,589.0
南京农业大学,不限选考科目,577.0
南京农业大学,历史类类,505.99999999999636
南京农业大学,物理类,594.0
南京农业大学,物理类(必须选考),566.0
南京农业大学,物理类/生物(选考一门即可),568.0
南京农业大学,物理类类,609.0
南京医科大学,不限,584.0
南京医科大学,不限选考科目,547.0
南京医科大学,化学,562.3333333333358
南京医科大学,化学(必须选考),478.0
南京医科大学,物理类,601.6666666666642
南京医科大学,物理类(均须选考),600.0
南京医科大学,物理类类,556.0
南京大学,不限,668.3333333333335
南京大学,不限选考科目,667.0
南京大学,历史类类,566.9999999999964
南京大学,物理类,663.0588235294117
南京大学,物理类(必须选考),667.0
南京大学,物理类类,642.0
南京审计大学,不限,579.1666666666679
南京审计大学,不限选考科目,559.0
南京审计大学,不限选考科目(中外合作办学专业),561.0
南京审计大学,历史类类,504.0
南京审计大学,物理类,547.6666666666679
南京审计大学,物理类(必须选考)(中外合作办学专业),527.0
南京审计大学,物理类类,237.0
南京审计大学金审学院,不限,490.6666666666679
南京审计大学金审学院,不限选考科目,470.0
南京审计大学金审学院,历史类类,540.0
南京审计大学金审学院,物理类类,468.0
南京工业大学,不限,536.0
南京工业大学,不限选考科目,536.0
南京工业大学,化学,536.0
南京工业大学,历史类类,545.0
南京工业大学,物理类,568.9666666666672
南京工业大学,物理类(必须选考),553.0
南京工业大学,物理类(选考一门即可),543.0
南京工业大学,物理类/生物(选考一门即可),543.0
南京工业大学,物理类类,545.0
南京工程学院,物理类,522.0
南京工程学院,物理类(必须选考),513.0
南京工程学院,物理类类,516.0
南京师范大学,不限,615.6666666666661
南京师范大学,不限选考科目,603.0
南京师范大学,历史类类,528.9999999999964
南京师范大学,物理类,609.1666666666661
南京师范大学,物理类(必须选考),581.0
南京师范大学,物理类/生物(选考一门即可),580.0
南京师范大学,物理类类,629.0
南京晓庄学院,不限,512.0
南京晓庄学院,不限选考科目,478.0
南京晓庄学院,历史类类,494.0
南京林业大学,物理类,582.6666666666642
南京林业大学,物理类/生物(选考一门即可),559.0
南京林业大学,物理类类,542.0
南京特殊教育师范学院,不限,539.0
南京特殊教育师范学院,不限选考科目,477.0
南京特殊教育师范学院,历史类类,497.0
南京特殊教育师范学院,物理类类,467.0
南京理工大学,不限,603.333333333333
南京理工大学,不限选考科目,601.0
南京理工大学,化学,616.6666666666661
南京理工大学,化学(必须选考),610.0
南京理工大学,历史类类,539.0
南京理工大学,思想政治,601.0
南京理工大学,物理类,612.1818181818185
南京理工大学,物理类(必须选考),611.0
南京理工大学,物理类类,632.0
南京航空航天大学,不限,605.0
南京航空航天大学,不限选考科目,603.0
南京航空航天大学,历史类类,522.0
南京航空航天大学,物理类,606.9285714285713
南京航空航天大学,物理类(必须选考),611.0
南京航空航天大学,物理类类,613.9999999999995
南京航空航天大学(中外合作专业),物理类类,611.0
南京航空航天大学金城学院,物理类,493.66666666666424
南京航空航天大学金城学院,物理类(必须选考),468.0
南京航空航天大学金城学院,物理类类,468.0
南京艺术学院,不限,558.0
南京艺术学院,不限选考科目,517.0
南京艺术学院,历史类类,541.0
南京财经大学,不限,540.3333333333321
南京财经大学,不限选考科目,533.0
南京财经大学,历史类类,554.0
南京财经大学,物理类类,533.0
南京邮电大学,物理类,613.6666666666679
南京邮电大学,物理类(必须选考),591.0
南京邮电大学,物理类类,590.0
南华大学,不限,528.3333333333358
南华大学,不限选考科目,489.0
南华大学,历史类类,507.0
南华大学,物理类,585.5454545454559
南华大学,物理类(必须选考),508.0
南华大学,物理类类,491.0
南开大学,不限,657.0
南开大学,不限选考科目,658.0
南开大学,历史类,658.6666666666665
南开大学,历史类/地理(选考一门即可),656.0
南开大学,历史类类,567.0
南开大学,物理类,660.1666666666665
南开大学,物理类(必须选考),659.0
南开大学,物理类(选考一门即可),660.0
南开大学,物理类类,634.0
南开大学滨海学院,不限选考科目,475.0
南开大学滨海学院,历史类类,502.0
南开大学滨海学院,物理类(必须选考),476.0
南开大学滨海学院,物理类类,466.0
南方医科大学,不限选考科目,528.0
南方医科大学,化学+生物(均须选考),620.0
南方医科大学,物理类,603.0
南方医科大学,物理类/生物(选考一门即可),561.0
南方医科大学,物理类类,537.0
南昌交通学院,不限,479.0
南昌交通学院,物理类,491.33333333333576
南昌医学院,物理类,556.2857142857174
南昌大学,不限,585.0
南昌大学,不限选考科目,577.0
南昌大学,化学+生物(均须选考),585.0
南昌大学,化学+生物(均须选考)(中外合作办学专业),582.0
南昌大学,历史类类,531.0
南昌大学,历史类＋地理,563.0
南昌大学,政治/历史类/地理(选考一门即可),573.0
南昌大学,物理类,604.4705882352973
南昌大学,物理类(必须选考),579.0
南昌大学,物理类类,559.0
南昌大学(中外合作专业),物理类类,682.0
南昌工学院,不限,465.0
南昌工学院,历史类类,480.0
南昌工学院,物理类,465.0
南昌工学院,物理类(必须选考),455.0
南昌工学院,物理类类,455.0
南昌工程学院,不限,495.6666666666679
南昌工程学院,不限选考科目,471.0
南昌工程学院,历史类类,495.0
南昌工程学院,物理类,508.16666666666424
南昌工程学院,物理类(必须选考),475.0
南昌工程学院,物理类(选考一门即可),475.0
南昌工程学院,物理类类,462.0
南昌理工学院,不限,477.0
南昌理工学院,不限选考科目,450.0
南昌理工学院,历史类类,480.0
南昌理工学院,物理类,472.0
南昌理工学院,物理类类,449.0
南昌航空大学,不限,485.66666666666606
南昌航空大学,不限选考科目,524.0
南昌航空大学,历史类类,509.0
南昌航空大学,物理类,520.8333333333358
南昌航空大学,物理类(均须选考),493.0
南昌航空大学,物理类(必须选考),496.0
南昌航空大学,物理类/历史类/地理(选考一门即可),487.0
南昌航空大学,物理类类,491.0
南昌航空大学,物理类／历史类,516.6666666666642
南昌航空大学科技学院,物理类,487.33333333333576
南昌航空大学科技学院,物理类(必须选考),451.0
南昌航空大学科技学院,物理类类,431.0
南通大学,化学+生物(均须选考),525.0
南通大学,历史类,533.0
南通大学,物理类,565.3333333333285
南通大学,物理类/生物(选考一门即可),508.0
南通大学,物理类类,499.0
南阳师范学院,不限,490.0
南阳师范学院,不限选考科目,466.0
南阳师范学院,历史类类,502.0
南阳师范学院,物理类,498.0
厦门大学,不限,646.0
厦门大学,不限选考科目,640.0
厦门大学,历史类类,561.0
厦门大学,物理类,651.1111111111113
厦门大学,物理类(均须选考),636.0
厦门大学,物理类(必须选考),638.0
厦门大学,物理类/生物(选考一门即可),637.0
厦门大学,物理类类,644.0
厦门大学(中外合作专业),历史类类,506.0
厦门大学(中外合作专业),物理类类,624.0
厦门大学嘉庚学院,不限,486.0
厦门大学嘉庚学院,不限选考科目,467.0
厦门大学嘉庚学院,历史类类,504.0
厦门大学嘉庚学院,物理类类,484.0
厦门理工学院,物理类,536.3333333333358
厦门理工学院,物理类(必须选考),506.0
厦门理工学院,物理类类,506.0
合肥工业大学,不限,585.2142857142862
合肥工业大学,不限选考科目,588.0
合肥工业大学,不限选考科目(中外合作办学专业),584.0
合肥工业大学,化学,585.0
合肥工业大学,化学(必须选考),579.0
合肥工业大学,物理类,593.9117647058829
合肥工业大学,物理类(必须选考),583.0
合肥工业大学,物理类/地理(选考一门即可),579.0
合肥工业大学,物理类类,597.0
合肥工业大学(中外合作专业),物理类类,557.9999999999991
吉利学院,不限,472.33333333333576
吉利学院,物理类,471.0
吉林大学,不限,625.5
吉林大学,不限选考科目,622.5
吉林大学,化学,641.0
吉林大学,化学(必须选考),617.0
吉林大学,化学+生物(均须选考),617.0
吉林大学,历史类,621.9999999999998
吉林大学,历史类/地理(选考一门即可),623.0
吉林大学,历史类类,464.0000000000073
吉林大学,思想政治,618.0
吉林大学,物理类,641.1840000000011
吉林大学,物理类(均须选考),620.0
吉林大学,物理类(必须选考),621.0
吉林大学,物理类(必须选考)(中外合作办学专业),610.0
吉林大学,物理类/生物(选考一门即可),614.0
吉林大学,物理类类,641.0
吉林大学(中外合作专业),物理类类,619.0
吉林大学珠海学院,不限选考科目,470.0
吉林大学珠海学院,历史类类,481.0
吉林大学珠海学院,物理类(必须选考),475.0
吉林大学珠海学院,物理类/地理(选考一门即可),451.0
吉林大学珠海学院,物理类类,463.0
吉林工商学院,不限,497.0
吉林师范大学,不限,552.6666666666679
吉林师范大学,不限选考科目,548.0
吉林师范大学,历史类类,543.0
吉林建筑大学,物理类,498.33333333333576
吉林建筑大学,物理类(必须选考),480.0
吉林建筑大学,物理类类,471.0
吉林建筑科技学院,物理类,471.0
吉林建筑科技学院,物理类(必须选考),449.0
吉林建筑科技学院,物理类类,427.0
吉林财经大学,不限,525.0
吉林财经大学,不限选考科目,516.0
吉林财经大学,历史类类,531.0
吉林财经大学,物理类类,512.0
同济大学,物理类,654.3333333333334
同济大学,物理类(必须选考),664.0
同济大学,物理类(必须选考)(中外合作办学专业),660.0
同济大学,物理类类,647.0
同济大学(中外合作专业),物理类类,653.9999999999998
同济大学浙江学院,不限选考科目,455.0
同济大学浙江学院,物理类类,455.0
吕梁学院,历史类,498.0
吕梁学院,历史类类,500.0
吕梁学院,政治/历史类/地理(选考一门即可),473.0
吕梁学院,物理类,496.66666666666424
吕梁学院,物理类(必须选考),471.0
吕梁学院,物理类/历史类/地理(选考一门即可),489.0
吕梁学院,物理类类,464.0
吕梁学院,物理类／历史类,495.66666666666424
哈尔滨医科大学,化学+生物(均须选考),592.0
哈尔滨医科大学,物理类,616.6666666666679
哈尔滨医科大学,物理类类,587.9999999999998
哈尔滨华德学院,化学,472.33333333333576
哈尔滨华德学院,化学(必须选考),540.8818946712371
哈尔滨华德学院,物理类,472.33333333333576
哈尔滨华德学院,物理类(必须选考),436.0
哈尔滨华德学院,物理类类,423.0
哈尔滨商业大学,不限,512.3333333333321
哈尔滨商业大学,不限选考科目,499.0
哈尔滨商业大学,历史类类,532.0
哈尔滨商业大学,物理类类,491.0
哈尔滨工业大学,不限,633.0
哈尔滨工业大学,不限选考科目,631.0
哈尔滨工业大学,历史类类,529.0
哈尔滨工业大学,物理类,626.7213114754095
哈尔滨工业大学,物理类(必须选考),642.0
哈尔滨工业大学,物理类类,644.0
哈尔滨工业大学(威海),不限,618.0
哈尔滨工业大学(威海),不限选考科目,620.0
哈尔滨工业大学(威海),物理类,647.0
哈尔滨工业大学(威海),物理类(必须选考),627.0
哈尔滨工业大学(威海),物理类类,646.0
哈尔滨工程大学,不限,568.0
哈尔滨工程大学,不限选考科目,585.0
哈尔滨工程大学,物理类,621.1666666666679
哈尔滨工程大学,物理类(必须选考),595.0
哈尔滨工程大学,物理类(必须选考)(中外合作办学专业),571.0
哈尔滨工程大学,物理类类,607.0
哈尔滨师范大学,不限,568.3333333333321
哈尔滨师范大学,不限选考科目,531.0
哈尔滨师范大学,历史类类,531.0
哈尔滨师范大学,物理类,546.666666666667
哈尔滨师范大学,物理类(必须选考),532.0
哈尔滨师范大学,物理类类,527.0
哈尔滨理工大学,物理类,530.3333333333321
哈尔滨理工大学,物理类(均须选考),520.0
哈尔滨理工大学,物理类(必须选考),510.0
哈尔滨理工大学,物理类类,513.0
哈尔滨金融学院,不限,497.33333333333576
哈尔滨金融学院,不限选考科目,472.0
哈尔滨金融学院,历史类类,502.0
哈尔滨金融学院,物理类类,464.0
喀什大学,不限,494.0
喀什大学,历史类,501.0
喀什大学,思想政治,473.0
喀什大学,物理类,510.5
四川农业大学,物理类,595.6666666666679
四川农业大学,物理类/生物(选考一门即可),576.0
四川农业大学,物理类/生物/地理(选考一门即可),557.0
四川农业大学,物理类类,549.0
四川外国语大学,不限,530.0
四川外国语大学,不限选考科目,535.0
四川外国语大学,历史类类,554.0
四川外国语大学,物理类类,537.0
四川大学,不限,638.0
四川大学,不限选考科目,629.0
四川大学,历史类,629.0
四川大学,历史类类,526.0
四川大学,物理类,646.3908629441612
四川大学,物理类(均须选考),631.0
四川大学,物理类(必须选考),629.0
四川大学,物理类(必须选考)(中外合作办学专业),605.0
四川大学,物理类(选考一门即可),628.0
四川大学,物理类/历史类/地理(选考一门即可),628.0
四川大学,物理类/生物(选考一门即可),624.0
四川大学,物理类类,633.0
四川大学,物理类／历史类,628.666666666667
四川大学(中外合作专业),物理类类,633.0
四川大学锦江学院,不限,484.0
四川大学锦江学院,不限选考科目,456.0
四川大学锦江学院,历史类类,480.0
四川大学锦江学院,物理类类,427.0
四川师范大学,不限,557.0
四川师范大学,历史类,562.0
四川美术学院,历史类类,541.0
四川美术学院,物理类/历史类/地理(选考一门即可),527.0
四川美术学院,物理类类,512.0
四川美术学院,物理类／历史类,558.0
四川轻化工大学,不限,491.0
四川轻化工大学,历史类类,489.0
四川轻化工大学,物理类,488.0
四川轻化工大学,物理类(必须选考),476.0
四川轻化工大学,物理类类,466.0
四川轻化工大学,生物/政治/历史类(选考一门即可),502.0
塔里木大学,不限,469.0
塔里木大学,物理类,492.23076923077315
塔里木大学,物理类(必须选考),451.0
塔里木大学,物理类/生物(选考一门即可),462.0
塔里木大学,物理类类,423.0
复旦大学,不限,671.6666666666666
复旦大学,不限选考科目,675.0
复旦大学,历史类类,570.0
复旦大学,物理类,681.1666666666665
复旦大学,物理类(必须选考),679.0
复旦大学,物理类(选考一门即可),678.0
复旦大学,物理类类,653.0
复旦大学医学院,物理类,680.3333333333339
复旦大学医学院,物理类(均须选考),672.0
复旦大学医学院,物理类类,655.0
大庆师范学院,不限,495.66666666666424
大庆师范学院,不限选考科目,462.0
大庆师范学院,历史类类,490.0
大理大学,化学+生物(均须选考),498.0
大理大学,物理类,545.3333333333358
大理大学,物理类+生物(均须选考),491.0
大理大学,物理类类,476.0
大理大学,物理类＋生物,540.3333333333358
大连东软信息学院,不限选考科目,443.0
大连东软信息学院,化学(必须选考),454.0
大连东软信息学院,物理类,472.33333333333576
大连东软信息学院,物理类(必须选考),438.0
大连东软信息学院,物理类类,426.0
大连交通大学,不限选考科目,510.0
大连交通大学,历史类类,514.0
大连交通大学,物理类,529.0
大连交通大学,物理类(必须选考),505.0
大连交通大学,物理类类,505.0
大连医科大学,化学+生物(均须选考),605.0
大连医科大学,物理类,612.0
大连医科大学,物理类类,648.0
大连医科大学中山学院,化学+生物(均须选考),471.0
大连医科大学中山学院,物理类,554.6666666666715
大连医科大学中山学院,物理类/生物(选考一门即可),474.0
大连医科大学中山学院,物理类类,462.0
大连外国语大学,不限,516.0
大连外国语大学,不限选考科目,538.0
大连外国语大学,历史类类,561.0
大连外国语大学,物理类类,544.0
大连大学,不限,526.0
大连大学,不限选考科目,507.0
大连大学,历史类类,534.0
大连大学,物理类类,498.0
大连民族大学,不限,490.6666666666679
大连民族大学,不限选考科目,478.0
大连民族大学,历史类类,504.0
大连民族大学,物理类,493.3333333333321
大连民族大学,物理类(必须选考),472.0
大连民族大学,物理类/历史类/地理(选考一门即可),476.0
大连民族大学,物理类类,471.0
大连民族大学,物理类／历史类,497.6666666666679
大连海事大学,不限,612.6666666666642
大连海事大学,不限选考科目,559.0
大连海事大学,历史类(必须选考),589.0
大连海事大学,历史类类,535.0
大连海事大学,物理类,600.8333333333321
大连海事大学,物理类(必须选考),572.0
大连海事大学,物理类(必须选考)(中外合作办学专业),562.0
大连海事大学,物理类/政治(选考一门即可),578.0
大连海事大学,物理类类,565.9999999999995
大连海洋大学,物理类,505.8888888888905
大连海洋大学,物理类(必须选考),478.0
大连海洋大学,物理类(选考一门即可),497.0
大连海洋大学,物理类/生物(选考一门即可),476.0
大连海洋大学,物理类类,468.0
大连理工大学,不限选考科目,628.0
大连理工大学,化学,637.6666666666661
大连理工大学,化学(必须选考),632.0
大连理工大学,物理类,638.2222222222226
大连理工大学,物理类(必须选考),628.0
大连理工大学,物理类(必须选考)(中外合作办学专业),617.5
大连理工大学,物理类(选考一门即可),627.0
大连理工大学,物理类/历史类/地理(选考一门即可),627.0
大连理工大学,物理类类,622.9999999999995
大连理工大学(中外合作专业),物理类类,635.0
大连理工大学(盘锦校区),不限,627.6666666666661
大连理工大学(盘锦校区),不限选考科目,607.0
大连理工大学(盘锦校区),化学,603.0
大连理工大学(盘锦校区),化学(必须选考),609.0
大连理工大学(盘锦校区),化学(必须选考)(中外合作办学专业),596.0
大连理工大学(盘锦校区),物理类,621.0714285714275
大连理工大学(盘锦校区),物理类(必须选考)(中外合作办学专业),598.0
大连理工大学(盘锦校区),物理类(选考一门即可),604.0
大连理工大学(盘锦校区),物理类/生物(选考一门即可),606.0
大连理工大学(盘锦校区),物理类类,616.0
大连理工大学(盘锦校区)(中外合作专业),物理类类,560.0
大连理工大学城市学院,物理类,473.33333333333576
大连理工大学城市学院,物理类(必须选考),440.0
大连理工大学城市学院,物理类类,425.0
大连财经学院,不限,498.0
大连财经学院,不限选考科目,464.0
大连财经学院,历史类类,480.0
大连财经学院,物理类,450.0
大连财经学院,物理类类,456.0
天津中医药大学,不限,565.6666666666679
天津中医药大学,不限选考科目,539.0
天津中医药大学,物理类,595.8461538461561
天津中医药大学,物理类/生物(选考一门即可),585.0
天津中医药大学,物理类/生物(选考一门即可)(中外合作办学专业),543.0
天津中医药大学,物理类类,459.0
天津中医药大学(中外合作专业),物理类类,528.0
天津仁爱学院,物理类,462.3333333333321
天津仁爱学院,物理类／历史类,482.66666666666424
天津农学院,物理类,519.3333333333358
天津农学院,物理类/生物(选考一门即可),487.0
天津农学院,物理类类,483.0
天津医科大学,不限,531.0
天津医科大学,不限选考科目,499.0
天津医科大学,化学+生物(均须选考),609.0
天津医科大学,化学/生物(选考一门即可),584.0
天津医科大学,物理类,588.0
天津医科大学,物理类+生物(均须选考),610.0
天津医科大学,物理类/生物(选考一门即可),564.0
天津医科大学,物理类类,792.0
天津医科大学,物理类＋生物,623.0
天津医科大学临床医学院,不限,491.0
天津医科大学临床医学院,不限选考科目,470.0
天津医科大学临床医学院,化学,516.3333333333358
天津医科大学临床医学院,化学(必须选考),478.0
天津医科大学临床医学院,化学+生物(均须选考),476.0
天津医科大学临床医学院,化学/生物(选考一门即可),481.0
天津医科大学临床医学院,历史类类,501.0
天津医科大学临床医学院,物理类,509.0
天津医科大学临床医学院,物理类(必须选考),498.0
天津医科大学临床医学院,物理类/生物(选考一门即可),474.0
天津医科大学临床医学院,物理类类,467.0
天津商业大学,不限,540.7142857142753
天津商业大学,不限选考科目(中外合作办学专业),470.0
天津商业大学(中外合作专业),历史类类,494.0
天津商业大学宝德学院,不限,489.33333333333576
天津商业大学宝德学院,不限选考科目,461.0
天津商业大学宝德学院,历史类类,484.0
天津商业大学宝德学院,物理类类,460.0
天津城建大学,不限,516.0
天津城建大学,化学,493.9999999999998
天津城建大学,化学(必须选考),504.0
天津城建大学,物理类,523.8333333333358
天津城建大学,物理类(必须选考),500.0
天津城建大学,物理类/地理(选考一门即可),516.0
天津城建大学,物理类类,499.0
天津外国语大学,不限,526.6666666666666
天津外国语大学,不限选考科目,546.0
天津外国语大学,历史类类,561.0
天津外国语大学,思想政治,553.666666666667
天津外国语大学滨海外事学院,不限,487.0
天津外国语大学滨海外事学院,不限选考科目,469.0
天津外国语大学滨海外事学院,历史类类,500.0
天津大学,历史类类,536.0
天津大学,物理类,650.8888888888887
天津大学,物理类(必须选考),646.0
天津大学,物理类/历史类/地理(选考一门即可),662.0
天津大学,物理类/历史类/地理(选考一门即可)(中外合作办学专业),658.0
天津大学,物理类/生物(选考一门即可),648.0
天津大学,物理类类,635.0
天津大学,物理类／历史类,635.0
天津大学仁爱学院,物理类(必须选考),462.0
天津大学仁爱学院,物理类类,452.0
天津工业大学,不限,550.0
天津工业大学,不限选考科目,554.0
天津工业大学,物理类,596.3333333333321
天津工业大学,物理类(必须选考),559.0
天津工业大学,物理类类,538.0
天津师范大学,不限,571.3333333333339
天津师范大学,不限选考科目,549.0
天津师范大学,化学,578.5
天津师范大学,化学(必须选考),556.0
天津师范大学,化学/生物(选考一门即可),557.0
天津师范大学,历史类类,574.0
天津师范大学,思想政治,573.0
天津师范大学,政治(必须选考),566.0
天津师范大学,物理类,578.0
天津师范大学,物理类(必须选考),551.0
天津师范大学,物理类类,541.0
天津师范大学,生物/政治/历史类(选考一门即可),568.0
天津师范大学,生物／历史类,580.6666666666661
天津理工大学,不限,522.3333333333335
天津理工大学,不限选考科目,524.0
天津理工大学,化学(必须选考),522.0
天津理工大学,物理类,524.0
天津理工大学,物理类(均须选考),516.0
天津理工大学,物理类(必须选考),517.0
天津理工大学,物理类类,515.0
天津理工大学中环信息学院,物理类,484.66666666666424
天津理工大学中环信息学院,物理类(必须选考),461.0
天津理工大学中环信息学院,物理类类,455.0
天津科技大学,不限,534.0
天津科技大学,不限选考科目,527.0
天津科技大学,不限选考科目(中外合作办学专业),523.0
天津科技大学,化学,571.6666666666642
天津科技大学,化学/生物(选考一门即可),530.0
天津科技大学,历史类类,548.0
天津科技大学,物理类,566.5131578947403
天津科技大学,物理类(必须选考),523.0
天津科技大学,物理类(必须选考)(中外合作办学专业),522.0
天津科技大学,物理类/生物(选考一门即可),528.0
天津科技大学,物理类/生物(选考一门即可)(中外合作办学专业),526.0
天津科技大学,物理类类,521.0
天津科技大学(中外合作专业),历史类类,547.0
天津科技大学(中外合作专业),物理类类,511.0
天津职业技术师范大学,不限,534.3333333333321
天津职业技术师范大学,不限选考科目,508.0
天津职业技术师范大学,物理类,495.0
天津职业技术师范大学,物理类(必须选考),477.0
天津职业技术师范大学,物理类类,470.0
天津财经大学,不限,554.6666666666661
天津财经大学,不限选考科目,569.0
天津财经大学,不限选考科目(中外合作办学专业),542.0
天津财经大学,历史类类,489.0
天津财经大学,物理类,573.8181818181815
天津财经大学,物理类/生物/地理(选考一门即可),592.0
天津财经大学,物理类类,571.0
天津财经大学(中外合作专业),历史类类,563.0
天津财经大学(中外合作专业),物理类类,553.0
天津财经大学珠江学院,不限,487.0
天津财经大学珠江学院,不限选考科目,460.0
天津财经大学珠江学院,历史类类,484.0
天津财经大学珠江学院,物理类类,459.0
太原理工大学,物理类,596.6666666666679
太原理工大学,物理类(必须选考),575.0
太原理工大学,物理类类,594.0
太原理工大学现代科技学院,不限选考科目,449.0
太原理工大学现代科技学院,物理类(必须选考),456.0
太原理工大学现代科技学院,物理类/生物/历史类(选考一门即可),472.0
太原理工大学现代科技学院,物理类类,434.0
太原科技大学,物理类,521.6666666666642
太原科技大学,物理类(必须选考),476.0
太原科技大学,物理类类,469.0
宁波大学,不限,569.3333333333321
宁波大学,不限选考科目,550.0
宁波大学,历史类类,560.0
宁波大学,物理类类,541.0
宁波诺丁汉大学,不限,609.0
宁波诺丁汉大学,不限选考科目(中外合作办学专业),601.0
宁波诺丁汉大学,历史类类,510.0
宁波诺丁汉大学,物理类,626.1666666666642
宁波诺丁汉大学,物理类(必须选考)(中外合作办学专业),597.0
宁波诺丁汉大学,物理类/生物(选考一门即可)(中外合作办学专业),594.0
宁波诺丁汉大学,物理类类,620.0
安徽中医药大学,不限,552.0
安徽中医药大学,不限选考科目,496.0
安徽中医药大学,物理类,579.6666666666642
安徽中医药大学,物理类/生物(选考一门即可),528.0
安徽中医药大学,物理类类,512.0
安徽农业大学,不限,517.0
安徽农业大学,不限选考科目,487.0
安徽农业大学,历史类类,502.0
安徽农业大学,物理类,527.0
安徽农业大学,物理类/生物(选考一门即可),484.0
安徽农业大学,物理类类,478.0
安徽医科大学,化学+生物(均须选考),561.0
安徽医科大学,物理类,579.3333333333321
安徽医科大学,物理类类,531.0
安徽大学,不限,593.6666666666661
安徽大学,不限选考科目,587.0
安徽大学,历史类类,526.0
安徽大学,物理类,602.6666666666661
安徽大学,物理类(必须选考),585.0
安徽大学,物理类类,593.0
安徽工业大学,不限,521.0
安徽工业大学,物理类,474.0
安徽工业大学,物理类(必须选考),492.0
安徽工业大学,物理类类,494.0
安徽师范大学,不限,528.3333333333339
安徽师范大学,不限选考科目,525.0
安徽师范大学,历史类,568.0
安徽师范大学,历史类/地理(选考一门即可),536.0
安徽师范大学,历史类类,535.0
安徽师范大学,政治(必须选考),525.0
安徽建筑大学,不限,510.66666666666424
安徽建筑大学,不限选考科目,492.0
安徽建筑大学,历史类类,507.0
安徽建筑大学,物理类,523.3333333333358
安徽建筑大学,物理类(必须选考),497.0
安徽建筑大学,物理类类,485.0
安徽理工大学,不限,512.6666666666642
安徽理工大学,不限选考科目,478.0
安徽理工大学,物理类,515.3571428571449
安徽理工大学,物理类(必须选考),476.0
安徽理工大学,物理类(选考一门即可),474.0
安徽理工大学,物理类类,468.0
安徽财经大学,不限,526.3333333333321
安徽财经大学,不限选考科目,521.0
安徽财经大学,历史类类,540.0
安徽财经大学,物理类类,522.0
宝鸡文理学院,不限,438.0
宝鸡文理学院,不限选考科目,473.0
宝鸡文理学院,历史类,531.0
宝鸡文理学院,历史类类,488.0
宝鸡文理学院,政治/历史类/地理(选考一门即可),473.0
对外经济贸易大学,不限,639.727272727273
对外经济贸易大学,不限选考科目,652.5
对外经济贸易大学,历史类类,547.0
对外经济贸易大学,物理类,641.0
对外经济贸易大学,物理类/生物(选考一门即可),652.0
对外经济贸易大学,物理类类,641.0
山东中医药大学,物理类,592.0
山东中医药大学,物理类+生物(均须选考),531.0
山东中医药大学,物理类/生物(选考一门即可),549.0
山东中医药大学,物理类类,533.0
山东中医药大学,物理类＋生物,626.3333333333358
山东交通学院,不限,516.0
山东交通学院,历史类类,505.0
山东交通学院,物理类,491.6666666666679
山东交通学院,物理类(必须选考),473.0
山东交通学院,物理类/生物/历史类(选考一门即可),474.0
山东交通学院,物理类类,464.0
山东农业大学,不限,483.0
山东农业大学,不限选考科目,501.0
山东农业大学,历史类类,521.0
山东农业大学,物理类,580.6666666666642
山东农业大学,物理类/生物(选考一门即可),517.0
山东农业大学,物理类类,490.0
山东大学,不限,631.3333333333334
山东大学,不限选考科目,631.0
山东大学,历史类类,524.0
山东大学,物理类,640.8333333333339
山东大学,物理类(必须选考),629.0
山东大学,物理类+生物(均须选考),626.0
山东大学,物理类/生物(选考一门即可),628.0
山东大学,物理类类,634.0
山东大学,物理类＋生物,628.0
山东大学威海分校,不限,636.0
山东大学威海分校,不限选考科目,624.0
山东大学威海分校,历史类类,542.0
山东大学威海分校,物理类,641.3333333333321
山东大学威海分校,物理类(必须选考),623.0
山东大学威海分校,物理类类,645.0
山东师范大学,不限,566.3333333333321
山东师范大学,不限选考科目,545.0
山东师范大学,化学,575.3333333333321
山东师范大学,化学(必须选考),550.0
山东师范大学,历史类类,559.0
山东师范大学,物理类类,547.0
山东建筑大学,历史类类,520.0
山东建筑大学,物理类,556.0
山东建筑大学,物理类(必须选考),502.0
山东建筑大学,物理类/历史类/地理(选考一门即可),525.0
山东建筑大学,物理类类,498.0
山东建筑大学,物理类／历史类,532.3333333333321
山东理工大学,物理类,527.3333333333358
山东理工大学,物理类(均须选考),497.0
山东理工大学,物理类类,490.0
山东石油化工学院,不限,496.3333333333321
山东石油化工学院,物理类,505.33333333333576
山东科技大学,不限,499.9999999999991
山东科技大学,不限选考科目,529.0
山东科技大学,历史类类,537.0
山东科技大学,物理类,558.3333333333321
山东科技大学,物理类(必须选考),539.0
山东科技大学,物理类类,531.0
山东第一医科大学,物理类,585.6666666666679
山东第一医科大学,物理类(均须选考),558.0
山东第一医科大学,物理类/生物(选考一门即可),539.0
山东第一医科大学,物理类类,519.0
山东财经大学,不限,551.0
山东财经大学,不限选考科目,541.0
山东财经大学,历史类类,553.0
山东财经大学,物理类类,542.0
山西中医药大学,化学,518.0
山西中医药大学,化学/生物(选考一门即可),545.0
山西中医药大学,历史类类,543.0
山西中医药大学,物理类,554.6666666666679
山西中医药大学,物理类/生物(选考一门即可),524.0
山西中医药大学,物理类类,517.0
山西传媒学院,不限,503.66666666666424
山西传媒学院,物理类,483.0
山西农业大学,不限,494.6666666666679
山西农业大学,不限选考科目,476.0
山西农业大学,化学,492.0
山西农业大学,化学(必须选考),506.0
山西农业大学,化学+生物(均须选考),476.0
山西农业大学,历史类类,506.0
山西农业大学,物理类,549.6666666666715
山西农业大学,物理类类,468.0
山西医科大学,物理类,554.2727272727279
山西医科大学,物理类+生物(均须选考),572.0
山西医科大学,物理类类,535.0
山西医科大学,物理类＋生物,619.3333333333285
山西大同大学,不限,503.33333333333576
山西大同大学,物理类,531.0
山西大同大学,物理类(必须选考),478.0
山西大同大学,物理类类,468.0
山西大学,不限,584.0
山西大学,不限选考科目,534.0
山西大学,化学,600.5
山西大学,化学/生物(选考一门即可),527.0
山西大学,历史类,582.0
山西大学,历史类+地理(均须选考),552.0
山西大学,历史类类,553.0
山西大学,历史类＋地理,617.0
山西大学,物理类,607.3636363636324
山西大学,物理类/生物(选考一门即可),537.0
山西大学,物理类类,528.0
山西大学商务学院,不限选考科目,451.0
山西大学商务学院,历史类类,480.0
山西大学商务学院,物理类(必须选考),456.0
山西大学商务学院,物理类类,444.0
山西工学院,不限,493.6666666666679
山西工学院,物理类,488.0
山西工学院,物理类／历史类,446.0
山西师范大学,不限,523.0
山西师范大学,不限选考科目,514.0
山西师范大学,历史类类,514.0
山西师范大学,物理类,518.0
山西师范大学,物理类/生物(选考一门即可),503.0
山西师范大学,物理类类,470.0
山西晋中理工学院,不限,490.0
山西晋中理工学院,物理类,407.0
山西财经大学,不限,521.0
山西财经大学,不限选考科目,518.0
山西财经大学,历史类类,538.0
山西财经大学,物理类,518.3333333333334
山西财经大学,物理类/生物(选考一门即可),535.0
山西财经大学,物理类类,514.0
山西财经大学华商学院,历史类类,480.0
山西财经大学华商学院,物理类类,441.0
岭南师范学院,不限,478.0
岭南师范学院,历史类,508.0
常州工学院,不限,496.0
常州工学院,不限选考科目,468.0
常州工学院,历史类类,492.0
常州工学院,物理类,471.0
平顶山学院,物理类,473.0
平顶山学院,物理类／历史类,471.0
广东以色列理工学院,物理类,562.0
广东医科大学,物理类,568.0
广东外语外贸大学,不限,525.0
广东外语外贸大学,不限选考科目,539.0
广东外语外贸大学,历史类类,460.0
广东外语外贸大学,物理类,582.6666666666661
广东外语外贸大学,物理类(必须选考),562.0
广东外语外贸大学,物理类类,537.0
广东工业大学,不限,536.0
广东工业大学,物理类,538.9999999999991
广东海洋大学,不限,522.6666666666642
广东海洋大学,不限选考科目,474.0
广东海洋大学,历史类类,504.0
广东海洋大学,物理类,516.5
广东海洋大学,物理类(必须选考),483.0
广东海洋大学,物理类/生物(选考一门即可),475.0
广东海洋大学,物理类类,470.0
广东药科大学,物理类,540.0
广东药科大学,物理类/生物(选考一门即可),515.0
广东药科大学,物理类类,494.0
广东金融学院,不限,524.0
广东金融学院,历史类类,528.0
广东金融学院,物理类,510.33333333333576
广东金融学院,物理类/政治(选考一门即可),513.0
广东金融学院,物理类/生物(选考一门即可),510.0
广东金融学院,物理类类,509.0
广东金融学院,物理类／思想政治,522.6666666666642
广州中医药大学,化学,581.0
广州中医药大学,化学+生物(均须选考),573.0
广州中医药大学,物理类,594.0
广州中医药大学,物理类/生物(选考一门即可),584.0
广州中医药大学,物理类类,637.0
广州体育学院,不限,482.0
广西师范大学,不限,552.0
广西师范大学,不限选考科目,520.0
广西师范大学,历史类,562.75
广西师范大学,历史类(必须选考),524.0
广西师范大学,历史类类,532.0
广西师范大学,思想政治,548.0
广西师范大学,政治/历史类/地理(选考一门即可),504.0
广西师范大学,物理类,540.3333333333321
广西师范大学,物理类(必须选考),523.0
广西师范大学,物理类类,508.0
廊坊师范学院,不限,529.6666666666679
廊坊师范学院,不限选考科目,504.0
廊坊师范学院,历史类类,526.0
廊坊师范学院,思想政治,516.666666666667
廊坊师范学院,政治(必须选考),501.0
廊坊师范学院,物理类,506.3333333333321
廊坊师范学院,物理类(必须选考),507.0
廊坊师范学院,物理类类,494.0
延边大学,不限,575.0
延边大学,不限选考科目,522.0
延边大学,历史类类,126.0
延边大学,物理类,586.3333333333321
延边大学,物理类(均须选考),558.0
延边大学,物理类类,586.0
徐州医科大学,物理类,601.0
徐州医科大学,物理类(均须选考),562.0
徐州医科大学,物理类类,560.0
成都东软学院,不限,475.0
成都东软学院,不限选考科目,438.0
成都东软学院,历史类类,480.0
成都东软学院,物理类,482.83333333333576
成都东软学院,物理类(必须选考),437.0
成都东软学院,物理类类,426.0
成都中医药大学,物理类,605.3333333333339
成都中医药大学,物理类/生物(选考一门即可),594.0
成都中医药大学,物理类类,602.0
成都信息工程大学,不限,543.5
成都信息工程大学,不限选考科目,506.0
成都信息工程大学,历史类类,523.0
成都信息工程大学,物理类,563.0
成都信息工程大学,物理类(必须选考),504.0
成都信息工程大学,物理类类,505.0
成都大学,不限,542.3333333333321
成都大学,不限选考科目,497.0
成都大学,历史类,551.6666666666679
成都大学,思想政治,550.0
成都大学,政治(必须选考),514.0
成都大学,政治/历史类(选考一门即可),515.0
成都大学,物理类,522.0
成都理工大学,不限,576.3333333333321
成都理工大学,历史类类,549.0
成都理工大学,物理类,600.3333333333321
成都理工大学,物理类(必须选考),559.0
成都理工大学,物理类/政治/地理(选考一门即可),538.0
成都理工大学,物理类类,537.0
扬州大学,不限,587.3333333333358
扬州大学,不限选考科目,539.0
扬州大学,化学,573.3333333333321
扬州大学,化学(必须选考),526.0
扬州大学,历史类类,552.0
扬州大学,思想政治,572.3333333333321
扬州大学,政治(必须选考),546.0
扬州大学,物理类,585.5
扬州大学,物理类(必须选考),532.0
扬州大学,物理类/生物(选考一门即可),530.0
扬州大学,物理类类,521.0
承德医学院,不限,521.0
承德医学院,化学,506.0
承德医学院,化学+生物(均须选考),529.0
承德医学院,化学/生物(选考一门即可),507.0
承德医学院,历史类类,534.0
承德医学院,物理类,556.7272727272721
承德医学院,物理类类,507.0
攀枝花学院,物理类,487.0
攀枝花学院,物理类＋生物,520.0
文华学院,物理类,471.0
文华学院,物理类(必须选考),442.0
文华学院,物理类(选考一门即可),448.0
文华学院,物理类类,428.0
新乡医学院,化学+生物(均须选考),516.0
新乡医学院,物理类,562.6666666666642
新疆农业大学,不限,493.66666666666424
新疆农业大学,不限选考科目,439.0
新疆农业大学,物理类,494.09090909091174
新疆农业大学,物理类(必须选考),460.0
新疆农业大学,物理类(必须选考)(中外合作办学专业),456.0
新疆农业大学,物理类(选考一门即可),463.0
新疆农业大学,物理类(选考一门即可)(中外合作办学专业),451.0
新疆农业大学,物理类类,458.0
新疆农业大学(中外合作专业),物理类类,423.0
新疆大学,不限,602.6666666666715
新疆大学,不限选考科目,511.0
新疆大学,化学,509.0
新疆大学,政治(必须选考),501.0
新疆大学,物理类,575.6666666666715
新疆政法学院,不限,473.0
新疆政法学院,物理类,463.0
无锡太湖学院,不限,481.33333333333576
无锡太湖学院,不限选考科目,448.0
无锡太湖学院,历史类类,480.0
无锡太湖学院,物理类类,451.0
昆明医科大学,化学+生物(均须选考),558.0
昆明医科大学,物理类,593.3571428571449
昆明医科大学,物理类/生物(选考一门即可),542.0
昆明医科大学,物理类类,533.0
昆明医科大学海源学院,化学+生物(均须选考),459.0
昆明医科大学海源学院,物理类,532.0
昆明医科大学海源学院,物理类/生物(选考一门即可),508.0
昆明医科大学海源学院,物理类类,453.0
昆明理工大学,物理类,555.3333333333358
昆明理工大学,物理类(必须选考),500.0
昆明理工大学,物理类类,506.0
昆明理工大学津桥学院,不限,453.0
昆明理工大学津桥学院,物理类,473.66666666666424
昆明理工大学津桥学院,物理类(必须选考),440.0
昆明理工大学津桥学院,物理类类,423.0
暨南大学,不限,609.333333333333
暨南大学,不限选考科目,611.0
暨南大学,历史类类,528.0
暨南大学,物理类,624.6666666666661
暨南大学,物理类(必须选考),610.0
暨南大学,物理类/生物(选考一门即可),616.0
暨南大学,物理类类,633.0
杭州师范大学,不限,562.5
杭州师范大学,化学,506.0
杭州师范大学,物理类,532.7941176470595
杭州电子科技大学,不限,561.3333333333321
杭州电子科技大学,不限选考科目,543.0
杭州电子科技大学,历史类类,550.0
杭州电子科技大学,物理类,600.0
杭州电子科技大学,物理类类,557.0
桂林理工大学,不限,503.66666666666424
桂林理工大学,不限选考科目,477.0
桂林理工大学,物理类,518.3333333333358
桂林理工大学,物理类(必须选考),477.0
桂林理工大学,物理类类,466.0
桂林电子科技大学,不限,509.0
桂林电子科技大学,不限选考科目,476.0
桂林电子科技大学,历史类类,497.0
桂林电子科技大学,物理类,552.3333333333358
桂林电子科技大学,物理类(必须选考),500.0
桂林电子科技大学,物理类类,487.0
桂林航天工业学院,不限,471.0
桂林航天工业学院,物理类,503.66666666666424
桂林航天工业学院,物理类(必须选考),472.0
桂林航天工业学院,物理类(选考一门即可),473.0
桂林航天工业学院,物理类类,464.0
武昌理工学院,历史类类,480.0
武昌理工学院,物理类,494.66666666666424
武昌理工学院,物理类(必须选考),458.0
武昌理工学院,物理类类,452.0
武汉体育学院,物理类,491.33333333333576
武汉体育学院,物理类(必须选考),467.0
武汉体育学院,物理类类,461.0
武汉华夏理工学院,不限,482.0
武汉华夏理工学院,不限选考科目,441.0
武汉华夏理工学院,历史类类,480.0
武汉华夏理工学院,物理类,483.0
武汉华夏理工学院,物理类(必须选考),439.0
武汉华夏理工学院,物理类类,425.0
武汉城市学院,不限,524.0
武汉城市学院,物理类,459.3333333333321
武汉大学,不限选考科目,652.0
武汉大学,历史类,657.3333333333335
武汉大学,历史类(必须选考),649.0
武汉大学,历史类类,568.0
武汉大学,物理类,649.5555555555557
武汉大学,物理类(必须选考),650.0
武汉大学,物理类(必须选考)(中外合作办学专业),634.0
武汉大学,物理类(选考一门即可),650.0
武汉大学,物理类类,653.0
武汉大学,物理类／历史类,657.3333333333335
武汉大学(中外合作专业),物理类类,643.0
武汉工程大学,不限,501.0
武汉工程大学,不限选考科目,517.0
武汉工程大学,历史类类,531.0
武汉工程大学,物理类,523.0
武汉理工大学,不限,598.8333333333339
武汉理工大学,不限选考科目,595.0
武汉理工大学,不限选考科目(中外合作办学专业),586.0
武汉理工大学,化学,613.0
武汉理工大学,化学(必须选考),606.0
武汉理工大学,历史类类,527.0
武汉理工大学,思想政治,583.0
武汉理工大学,物理类,606.6666666666679
武汉理工大学,物理类(必须选考),594.0
武汉理工大学,物理类(必须选考)(中外合作办学专业),580.0
武汉理工大学,物理类(选考一门即可),589.0
武汉理工大学,物理类类,610.0
武汉理工大学(中外合作专业),物理类类,580.9999999999998
武汉科技大学,物理类,579.0
武汉科技大学,物理类(必须选考),537.0
武汉科技大学,物理类类,528.0
武汉科技大学城市学院,不限选考科目,452.0
武汉科技大学城市学院,历史类类,480.0
武汉科技大学城市学院,物理类(必须选考),441.0
武汉科技大学城市学院,物理类类,431.0
武汉轻工大学,不限,536.0
武汉轻工大学,不限选考科目,499.0
武汉轻工大学,物理类,537.0
武汉轻工大学,物理类(必须选考),500.0
武汉轻工大学,物理类类,491.0
汕头大学,不限,549.0
江南大学,不限,594.0
江南大学,不限选考科目,587.0
江南大学,化学,568.0
江南大学,化学(必须选考),586.0
江南大学,历史类类,535.0
江南大学,物理类,596.3333333333339
江南大学,物理类(必须选考),596.0
江南大学,物理类(选考一门即可),580.0
江南大学,物理类+生物(均须选考),581.0
江南大学,物理类/生物(选考一门即可),589.0
江南大学,物理类类,643.0
江苏大学,不限选考科目,554.0
江苏大学,历史类类,472.0
江苏大学,物理类,582.6428571428551
江苏大学,物理类(必须选考),564.0
江苏大学,物理类/生物(选考一门即可),542.0
江苏大学,物理类类,589.0
江苏大学,物理类／历史类,569.6666666666679
江苏海洋大学,不限,524.0
江苏海洋大学,不限选考科目,472.0
江苏科技大学,不限,518.333333333333
江苏科技大学,不限选考科目,511.0
江苏科技大学,化学,538.0
江苏科技大学,化学(必须选考),500.0
江苏科技大学,历史类类,537.0
江苏科技大学,物理类,524.0
江苏科技大学,物理类(必须选考),502.0
江苏科技大学,物理类类,496.0
江西中医药大学,不限,489.0
江西中医药大学,不限选考科目,498.0
江西中医药大学,化学(必须选考),520.0
江西中医药大学,历史类类,532.0
江西中医药大学,物理类,546.6428571428551
江西中医药大学,物理类/生物(选考一门即可),521.0
江西中医药大学,物理类类,509.0
江西中医药大学科技学院,历史类类,480.0
江西中医药大学科技学院,物理类/生物(选考一门即可),468.0
江西中医药大学科技学院,物理类类,459.0
江西农业大学,不限,503.0
江西农业大学,不限选考科目,476.0
江西农业大学,化学,444.0
江西农业大学,化学/生物(选考一门即可),476.0
江西农业大学,历史类类,508.0
江西农业大学,物理类,505.72727272727207
江西农业大学,物理类(必须选考),473.0
江西农业大学,物理类/生物(选考一门即可),475.0
江西农业大学,物理类类,466.0
江西农业大学南昌商学院,不限,492.33333333333576
江西农业大学南昌商学院,不限选考科目,446.0
江西农业大学南昌商学院,历史类类,480.0
江西师范大学,不限,582.6666666666642
江西师范大学,不限选考科目,523.0
江西师范大学,历史类类,533.0
江西师范大学,物理类,562.3333333333321
江西师范大学,物理类类,508.0
江西理工大学,不限,518.6666666666642
江西理工大学,不限选考科目,475.0
江西理工大学,历史类类,502.0
江西理工大学,物理类,503.66666666666424
江西理工大学,物理类(必须选考),478.0
江西理工大学,物理类/历史类/地理(选考一门即可),474.0
江西理工大学,物理类类,470.0
江西理工大学,物理类／历史类,454.0
江西理工大学应用科学学院,不限选考科目,540.8818946712371
江西理工大学应用科学学院,历史类类,480.0
江西科技学院,不限,473.66666666666424
江西科技学院,不限选考科目,436.0
江西科技学院,历史类类,480.0
江西科技学院,物理类,472.33333333333576
江西科技学院,物理类(必须选考),436.0
江西科技学院,物理类类,426.0
江西财经大学,不限,557.818181818182
江西财经大学,不限选考科目,553.0
江西财经大学,历史类类,557.0
江西财经大学,物理类,545.0
江西财经大学,物理类/生物(选考一门即可),562.0
江西财经大学,物理类类,559.0
江西财经大学现代经济管理学院,不限,488.0
江西财经大学现代经济管理学院,不限选考科目,450.0
江西财经大学现代经济管理学院,历史类类,480.0
江西财经大学现代经济管理学院,物理类类,432.0
沈阳农业大学,物理类,528.8181818181765
沈阳农业大学,物理类/生物(选考一门即可),491.0
沈阳农业大学,物理类类,262.0
沈阳工业大学,物理类,537.6666666666642
沈阳工业大学,物理类(必须选考),498.0
沈阳工业大学,物理类类,492.0
沈阳工学院,物理类,499.7142857142826
沈阳工学院,物理类(必须选考),436.0
沈阳工学院,物理类/生物(选考一门即可),442.0
沈阳工学院,物理类类,425.0
沈阳工程学院,物理类,502.0
沈阳工程学院,物理类(均须选考),474.0
沈阳工程学院,物理类(必须选考),475.0
沈阳工程学院,物理类类,467.0
沈阳师范大学,物理类,509.66666666666424
沈阳师范大学,物理类(必须选考),480.0
沈阳师范大学,物理类类,486.0
沈阳建筑大学,化学(必须选考),502.0
沈阳建筑大学,物理类,511.0
沈阳建筑大学,物理类(必须选考),506.0
沈阳建筑大学,物理类/历史类/地理(选考一门即可),525.0
沈阳建筑大学,物理类类,507.0
沈阳建筑大学,物理类／历史类,530.0
沈阳理工大学,物理类,529.3333333333358
沈阳理工大学,物理类(必须选考),497.0
沈阳理工大学,物理类/地理(选考一门即可),507.0
沈阳理工大学,物理类类,495.0
沈阳理工大学(中外合作专业),物理类类,423.0
沈阳航空航天大学,不限,528.6666666666679
沈阳航空航天大学,不限选考科目,503.0
沈阳航空航天大学,物理类,529.6666666666679
沈阳航空航天大学,物理类(必须选考),500.0
沈阳航空航天大学,物理类类,494.0
沈阳药科大学,不限,576.3333333333358
沈阳药科大学,不限选考科目,515.0
沈阳药科大学,化学,560.6428571428551
沈阳药科大学,化学(必须选考),534.0
沈阳药科大学,物理类类,503.0
沧州交通学院,不限,488.0
沧州交通学院,物理类,491.66666666666424
河北东方学院,不限,480.66666666666424
河北东方学院,不限选考科目,468.0
河北东方学院,历史类类,500.0
河北东方学院,物理类,463.33333333333394
河北东方学院,物理类(必须选考),461.0
河北东方学院,物理类类,464.0
河北中医学院,物理类,524.0
河北中医学院,物理类/生物(选考一门即可),531.0
河北中医学院,物理类类,510.0
河北中医药大学,物理类,549.0
河北北方学院,历史类类,508.0
河北北方学院,物理类,541.1666666666642
河北北方学院,物理类(均须选考),521.0
河北北方学院,物理类/生物(选考一门即可),512.0
河北北方学院,物理类类,502.0
河北医科大学,不限,545.6666666666679
河北医科大学,不限选考科目,505.0
河北医科大学,化学+生物(均须选考),579.0
河北医科大学,物理类,548.6666666666679
河北医科大学,物理类类,341.0
河北医科大学临床学院,不限,512.0
河北医科大学临床学院,不限选考科目,495.0
河北医科大学临床学院,化学+生物(均须选考),488.0
河北医科大学临床学院,物理类,489.63636363636397
河北医科大学临床学院,物理类(均须选考),511.0
河北医科大学临床学院,物理类类,479.0
河北地质大学,不限,512.3333333333321
河北地质大学,不限选考科目,492.0
河北地质大学,历史类类,508.0
河北地质大学,物理类类,490.0
河北地质大学华信学院,不限,481.0
河北地质大学华信学院,不限选考科目,456.0
河北地质大学华信学院,物理类类,437.0
河北外国语学院,不限,473.0
河北外国语学院,不限选考科目,448.0
河北外国语学院,历史类类,480.0
河北外国语学院,物理类类,445.0
河北外国语学院(中外合作专业),历史类类,480.0
河北外国语学院(中外合作专业),物理类类,425.0
河北大学,历史类,564.0
河北大学,历史类/地理(选考一门即可),543.0
河北大学,历史类类,552.0
河北大学,物理类,582.6666666666642
河北大学,物理类(必须选考),523.0
河北大学工商学院,物理类类,466.0
河北工业大学,不限选考科目,584.0
河北工业大学,化学,599.3333333333321
河北工业大学,化学(必须选考),581.0
河北工业大学,物理类,596.0
河北工业大学,物理类(必须选考),594.0
河北工业大学,物理类类,622.0
河北工业大学城市学院,物理类(必须选考),462.0
河北工业大学城市学院,物理类类,459.0
河北工程大学,不限,531.3333333333358
河北工程大学,不限选考科目,517.0
河北工程大学,历史类类,526.0
河北工程大学,物理类,512.0
河北工程大学,物理类(必须选考),492.0
河北工程大学,物理类类,487.0
河北工程大学科信学院,不限,487.66666666666424
河北工程大学科信学院,不限选考科目,462.0
河北工程大学科信学院,历史类类,487.0
河北工程大学科信学院,物理类,493.66666666666424
河北工程大学科信学院,物理类(必须选考),466.0
河北工程大学科信学院,物理类(选考一门即可),465.0
河北工程大学科信学院,物理类类,454.0
河北师范大学,历史类,572.6666666666679
河北师范大学,历史类类,557.0
河北师范大学,思想政治,566.6666666666679
河北师范大学,政治(必须选考),535.0
河北师范大学,政治/历史类/地理(选考一门即可),548.0
河北师范大学,物理类,572.6999999999971
河北师范大学,物理类(必须选考),537.0
河北师范大学,物理类类,526.0
河北建筑工程学院,物理类,488.3333333333321
河北建筑工程学院,物理类(必须选考),476.0
河北建筑工程学院,物理类类,470.0
河北环境工程学院,历史类类,498.0
河北环境工程学院,思想政治,446.0
河北环境工程学院,物理类,489.92857142856883
河北环境工程学院,物理类/生物(选考一门即可),474.0
河北环境工程学院,物理类类,467.0
河北石油职业技术大学,不限,499.0
河北石油职业技术大学,物理类,493.0
河北经贸大学,不限,519.6666666666661
河北经贸大学,不限选考科目,517.0
河北经贸大学,物理类类,517.0
河北金融学院,不限,497.33333333333576
河北金融学院,不限选考科目,475.0
河北金融学院,不限选考科目(中外合作办学专业),473.0
河北金融学院,历史类类,506.0
河北金融学院,物理类,459.0
河北金融学院,物理类类,470.0
河北金融学院(中外合作专业),物理类类,469.0
河南中医药大学,历史类类,556.0
河南中医药大学,物理类,569.0
河南中医药大学,物理类/生物(选考一门即可),534.0
河南中医药大学,物理类类,532.0
河南农业大学,不限,517.3333333333358
河南农业大学,不限选考科目,479.0
河南农业大学,化学,529.6666666666642
河南农业大学,化学(必须选考),474.0
河南农业大学,历史类类,506.0
河南农业大学,物理类,521.3333333333358
河南农业大学,物理类(选考一门即可),479.0
河南农业大学,物理类类,465.0
河南城建学院,物理类,482.5
河南城建学院,物理类(必须选考),466.0
河南城建学院,物理类/历史类/地理(选考一门即可),472.0
河南城建学院,物理类类,461.0
河南城建学院,物理类／历史类,491.33333333333576
河南大学,不限,586.0
河南大学,不限选考科目,535.0
河南大学,历史类,579.6666666666679
河南大学,历史类类,544.0
河南大学,政治/历史类/地理(选考一门即可),543.0
河南大学,物理类,585.3333333333358
河南大学,物理类(必须选考),534.0
河南大学,物理类类,529.0
河南工业大学,不限,504.66666666666424
河南工业大学,不限选考科目(中外合作办学专业),469.0
河南工业大学,化学,511.0
河南工业大学,化学(必须选考)(中外合作办学专业),468.0
河南工业大学,历史类类,495.0
河南工业大学,物理类,508.5
河南工业大学,物理类(均须选考)(中外合作办学专业),472.0
河南工业大学,物理类(必须选考)(中外合作办学专业),473.0
河南工业大学,物理类类,462.0
河南师范大学,不限,562.6666666666679
河南师范大学,不限选考科目,521.0
河南师范大学,化学,423.6666666666715
河南师范大学,化学(必须选考),546.0
河南师范大学,历史类类,527.0
河南师范大学,物理类(必须选考),505.0
河南师范大学,物理类类,510.0
河南理工大学,不限,517.3333333333358
河南理工大学,不限选考科目,490.0
河南理工大学,历史类类,505.0
河南理工大学,物理类,521.6666666666642
河南理工大学,物理类(必须选考),490.0
河南理工大学,物理类类,482.0
河南科技大学,不限,531.3333333333358
河南科技大学,不限选考科目,497.0
河南科技大学,物理类,568.0
河南科技大学,物理类(必须选考),498.0
河南科技大学,物理类类,488.0
河南财经政法大学,不限,531.3333333333358
河南财经政法大学,不限选考科目,506.0
河南财经政法大学,历史类类,527.0
河南财经政法大学,物理类,533.3333333333321
河南财经政法大学,物理类(必须选考),523.0
河南财经政法大学,物理类类,498.0
河海大学,不限,600.0
河海大学,不限选考科目,590.0
河海大学,历史类类,538.0
河海大学,物理类,600.6666666666679
河海大学,物理类(必须选考),584.0
河海大学,物理类(必须选考)(中外合作办学专业),547.0
河海大学,物理类(选考一门即可),581.0
河海大学,物理类(选考一门即可)(中外合作办学专业),574.0
河海大学,物理类类,600.0
泉州师范学院,物理类,490.0
泉州师范学院,物理类(必须选考),464.0
泉州师范学院,物理类类,468.0
洛阳理工学院,不限,537.6666666666642
洛阳理工学院,化学,489.3333333333321
洛阳理工学院,化学(必须选考),471.0
洛阳理工学院,物理类类,458.0
济南大学,不限,534.6666666666679
济南大学,不限选考科目,530.0
济南大学,历史类类,546.0
济南大学,物理类,585.0
济南大学,物理类(必须选考),523.0
济南大学,物理类类,519.0
济宁医学院,化学+生物(均须选考),523.0
济宁医学院,物理类,576.6666666666642
济宁医学院,物理类/生物(选考一门即可),551.0
济宁医学院,物理类类,513.0
浙江传媒学院,不限,548.666666666667
浙江传媒学院,不限选考科目,537.0
浙江传媒学院,历史类,552.3333333333321
浙江传媒学院,历史类类,553.0
浙江传媒学院,政治/历史类/地理(选考一门即可),536.0
浙江传媒学院,物理类,573.7272727272721
浙江传媒学院,物理类(必须选考),524.0
浙江传媒学院,物理类类,520.0
浙江农林大学,不限,529.6666666666679
浙江农林大学,不限选考科目,516.0
浙江农林大学,历史类类,523.0
浙江农林大学,物理类,480.0
浙江农林大学,物理类(必须选考),508.0
浙江农林大学,物理类/历史类/地理(选考一门即可),528.0
浙江农林大学,物理类/生物/历史类(选考一门即可),546.0
浙江农林大学,物理类类,515.0
浙江农林大学,物理类／历史类,561.1666666666679
浙江大学,不限,676.333333333333
浙江大学,不限选考科目,669.0
浙江大学,历史类类,574.0
浙江大学,物理类,679.333333333333
浙江大学,物理类(必须选考),676.0
浙江大学,物理类类,647.0
浙江大学医学院,化学+生物(均须选考),664.0
浙江大学医学院,物理类,662.3333333333334
浙江大学医学院,物理类类,651.0
浙江工业大学,物理类,597.3333333333321
浙江工业大学,物理类(必须选考),560.0
浙江工业大学,物理类类,566.0
浙江工商大学,不限,560.6666666666679
浙江工商大学,不限选考科目,535.0
浙江工商大学,历史类类,555.0
浙江工商大学,物理类类,528.0
浙江师范大学,不限,522.0
浙江师范大学,不限选考科目,534.0
浙江师范大学,历史类类,540.0
浙江师范大学,物理类,566.2222222222226
浙江师范大学,物理类(必须选考),545.0
浙江师范大学,物理类类,540.0
浙江理工大学,不限,546.0
浙江理工大学,不限选考科目,531.0
浙江理工大学,化学,566.0
浙江理工大学,历史类类,548.0
浙江理工大学,物理类,545.3636363636369
浙江理工大学,物理类(必须选考),540.0
浙江理工大学,物理类类,533.0
浙江财经大学,不限,545.6666666666679
浙江财经大学,不限选考科目,525.0
浙江财经大学,历史类类,540.0
浙江财经大学,物理类,549.6666666666679
浙江财经大学,物理类/地理(选考一门即可),526.0
浙江财经大学,物理类类,512.0
海南医学院,化学,545.0
海南医学院,化学(必须选考),497.0
海南医学院,化学+生物(均须选考),511.0
海南医学院,物理类,594.0
海南医学院,物理类类,489.0
海南大学,不限,575.666666666667
海南大学,不限选考科目,580.0
海南大学,历史类类,475.0
海南大学,物理类,614.0
海南大学,物理类类,580.0
海南师范大学,不限,525.0
海南师范大学,不限选考科目,489.0
海南师范大学,历史类类,502.0
海南师范大学,物理类类,484.0
海口经济学院,不限,448.0
淮海工学院,历史类类,498.0
深圳大学,不限,608.3333333333339
深圳大学,不限选考科目,595.0
深圳大学,历史类类,602.0
深圳大学,物理类,611.3571428571431
深圳大学,物理类(必须选考),599.0
深圳大学,物理类/生物/地理(选考一门即可),627.0
深圳大学,物理类类,601.0
深圳大学,生物,577.0
深圳大学,生物(必须选考),611.0
清华大学,不限,695.0
清华大学,不限选考科目,697.0
清华大学,化学(必须选考),691.0
清华大学,历史类类,573.0
清华大学,物理类,688.0
清华大学,物理类(均须选考),687.0
清华大学,物理类(必须选考),687.0
清华大学,物理类类,655.0
渤海大学,不限,495.3333333333321
渤海大学,不限选考科目,485.0
渤海大学,历史类类,507.0
渤海大学,物理类类,488.0
温州医科大学,化学+生物(均须选考),593.0
温州医科大学,化学+生物(均须选考)(中外合作办学专业),577.0
温州医科大学,物理类,605.0
温州医科大学,物理类类,563.9999999999991
温州大学,不限,517.0
温州大学,历史类,508.0
温州肯恩大学,不限,615.0
湖北医药学院,化学+生物(均须选考),513.0
湖北医药学院,物理类,547.0
湖北医药学院,物理类类,505.0
湖北医药学院药护学院,化学+生物(均须选考),449.0
湖北医药学院药护学院,物理类,509.0
湖北医药学院药护学院,物理类类,458.0
湖北大学,不限,541.0
湖北大学,不限选考科目,522.0
湖北工程学院,物理类,493.33333333333576
湖北工程学院,物理类(必须选考),472.0
湖北工程学院,物理类/历史类/地理(选考一门即可),471.0
湖北工程学院,物理类类,466.0
湖北经济学院,不限,514.0
湖北经济学院,不限选考科目,473.0
湖北经济学院,历史类类,500.0
湖北经济学院,物理类类,457.0
湖南中医药大学,化学+生物(均须选考),555.0
湖南中医药大学,物理类,582.3333333333321
湖南中医药大学,物理类/生物(选考一门即可),558.0
湖南中医药大学,物理类类,385.0
湖南人文科技学院,历史类类,486.0
湖南人文科技学院,思想政治,499.33333333333576
湖南人文科技学院,政治(必须选考),463.0
湖南农业大学,不限,522.3333333333358
湖南农业大学,不限选考科目,489.0
湖南农业大学,历史类类,505.0
湖南农业大学,物理类,525.6666666666679
湖南农业大学,物理类/生物(选考一门即可),497.0
湖南农业大学,物理类类,478.0
湖南商学院,历史类类,539.0
湖南商学院,物理类类,478.0
湖南城市学院,历史类类,501.0
湖南城市学院,地理,443.0
湖南城市学院,地理(必须选考),473.0
湖南城市学院,物理类,502.0
湖南城市学院,物理类(必须选考),459.0
湖南城市学院,物理类类,463.0
湖南城市学院,物理类／历史类,471.0
湖南大学,不限,623.3333333333335
湖南大学,不限选考科目,621.0
湖南大学,历史类,561.3636363636324
湖南大学,历史类(必须选考),627.0
湖南大学,历史类类,531.0
湖南大学,物理类,631.1111111111113
湖南大学,物理类(必须选考),619.0
湖南大学,物理类(选考一门即可),620.0
湖南大学,物理类/生物(选考一门即可),617.0
湖南大学,物理类类,636.0
湖南工业大学,不限,507.5
湖南工业大学,不限选考科目,473.0
湖南工业大学,历史类类,487.0
湖南工业大学,物理类,513.6666666666642
湖南工业大学,物理类(必须选考),477.0
湖南工业大学,物理类类,468.0
湖南工业大学,物理类／历史类,478.0
湖南工商大学,不限,533.0
湖南工商大学,不限选考科目,496.0
湖南工学院,化学,445.0
湖南工学院,化学(必须选考),468.0
湖南工学院,物理类,493.66666666666424
湖南工学院,物理类(必须选考),471.0
湖南工学院,物理类类,461.0
湖南工程学院,不限,496.66666666666424
湖南工程学院,不限选考科目,469.0
湖南工程学院,历史类类,493.0
湖南工程学院,物理类,498.0
湖南工程学院,物理类(必须选考),470.0
湖南工程学院,物理类类,462.0
湖南师范大学,不限,584.3333333333339
湖南师范大学,不限选考科目,560.0
湖南师范大学,化学,563.9999999999995
湖南师范大学,化学/生物(选考一门即可),570.0
湖南师范大学,历史类,575.0
湖南师范大学,历史类(必须选考),579.0
湖南师范大学,历史类类,480.0
湖南师范大学,思想政治,621.6666666666679
湖南师范大学,政治(必须选考),588.0
湖南师范大学,政治/历史类(选考一门即可),578.0
湖南师范大学,物理类,595.9545454545478
湖南师范大学,物理类(必须选考),571.0
湖南师范大学,物理类/地理(选考一门即可),571.0
湖南师范大学,物理类类,590.0
湖南文理学院,不限,490.0
湖南文理学院,不限选考科目,464.0
湖南文理学院,历史类类,492.0
湖南文理学院,生物/历史类/地理(选考一门即可),464.0
湖南文理学院,生物／历史类,441.0
湖南文理学院芙蓉学院,不限,501.66666666666424
湖南文理学院芙蓉学院,不限选考科目,453.0
湖南文理学院芙蓉学院,历史类类,480.0
湖南理工学院,不限,497.33333333333576
湖南理工学院,不限选考科目,470.0
湖南理工学院,历史类类,496.0
湖南理工学院,物理类,510.33333333333576
湖南理工学院,物理类(必须选考),469.0
湖南理工学院,物理类(选考一门即可)(中外合作办学专业),457.0
湖南理工学院,物理类类,460.0
湖南理工学院南湖学院,不限,431.0
湖南理工学院南湖学院,不限选考科目,458.0
湖南理工学院南湖学院,历史类类,480.0
湖南理工学院南湖学院,物理类,409.0
湖南理工学院南湖学院,物理类(必须选考),443.0
湖南理工学院南湖学院,物理类类,437.0
湖南科技大学,不限,528.3333333333321
湖南科技大学,不限选考科目,501.0
湖南科技大学,化学,492.66666666666606
湖南科技大学,化学(必须选考),497.0
湖南科技大学,历史类类,276.0
湖南科技大学,物理类,522.5714285714275
湖南科技大学,物理类(必须选考),498.0
湖南科技大学,物理类/地理(选考一门即可),517.0
湖南科技大学,物理类类,298.0
湖南科技大学,生物/历史类(选考一门即可),526.0
湖南科技大学,生物／历史类,525.6666666666679
湖南科技学院,不限,485.0
湖南科技学院,不限选考科目,469.0
湖南科技学院,历史类类,480.0
湖南科技学院,物理类,474.0
湖南科技学院,物理类(必须选考),468.0
湖南科技学院,物理类类,466.0
湖南财政经济学院,不限,514.3333333333358
湖南财政经济学院,不限选考科目,481.0
湖南财政经济学院,历史类类,501.0
湖南财政经济学院,物理类类,484.0
湖州师范学院,不限,524.6666666666679
湖州师范学院,不限选考科目,486.0
湖州师范学院,历史类类,495.0
湖州师范学院,物理类,510.0
湖州师范学院,物理类(必须选考),485.0
湖州师范学院,物理类类,462.0
湘南学院,化学+生物(均须选考),505.0
湘南学院,物理类,511.85294117646845
湘南学院,物理类(必须选考),468.0
湘南学院,物理类/生物(选考一门即可),483.0
湘南学院,物理类类,468.0
湘潭大学,不限,582.6666666666642
湘潭大学,不限选考科目,535.0
湘潭大学,历史类类,422.0
湘潭大学,物理类,602.3333333333358
湘潭大学,物理类(必须选考),552.0
湘潭大学,物理类类,549.0
滨州医学院,物理类,577.3333333333358
滨州医学院,物理类(均须选考),549.0
滨州医学院,物理类类,533.0
滨州学院,不限,514.0
滨州学院,物理类,533.6666666666715
潍坊医学院,化学+生物(均须选考),533.0
潍坊医学院,物理类,561.6363636363676
潍坊医学院,物理类类,515.0
烟台大学,不限,551.3333333333358
烟台大学,不限选考科目,520.0
烟台大学,历史类类,547.0
烟台大学,物理类类,504.0
燕京理工学院,不限,499.0
燕京理工学院,不限选考科目,462.0
燕京理工学院,历史类类,498.0
燕京理工学院,物理类,499.0
燕京理工学院,物理类(必须选考),471.0
燕京理工学院,物理类类,462.0
燕山大学,不限,549.6666666666661
燕山大学,不限选考科目,551.0
燕山大学,历史类类,411.0
燕山大学,物理类,573.6666666666679
燕山大学,物理类(必须选考),561.0
燕山大学,物理类类,586.0
燕山大学里仁学院,物理类,438.0
燕山大学里仁学院,物理类(必须选考),466.0
燕山大学里仁学院,物理类类,461.0
珠海科技学院,不限,490.0
珠海科技学院,物理类,493.8181818181838
甘肃政法大学,不限,534.3333333333358
甘肃政法大学,不限选考科目,492.0
甘肃政法大学,物理类,493.6666666666679
甘肃政法大学,物理类/生物(选考一门即可),476.0
电子科技大学,物理类,647.0
电子科技大学,物理类(必须选考),640.0
电子科技大学,物理类类,644.0
电子科技大学(沙河校区),物理类,640.3076923076924
电子科技大学(沙河校区),物理类(必须选考),636.0
电子科技大学(沙河校区),物理类(必须选考)(中外合作办学专业),633.0
电子科技大学(沙河校区),物理类类,654.0
电子科技大学(沙河校区)(中外合作专业),物理类类,639.0
电子科技大学成都学院,不限,491.66666666666424
电子科技大学成都学院,不限选考科目,461.0
电子科技大学成都学院,历史类类,480.0
电子科技大学成都学院,物理类,489.0
电子科技大学成都学院,物理类(必须选考),438.0
电子科技大学成都学院,物理类类,430.0
盐城师范学院,不限,493.3333333333321
盐城师范学院,不限选考科目,469.0
盐城师范学院,历史类类,493.0
石家庄铁道大学,不限,540.6666666666642
石家庄铁道大学,不限选考科目,512.0
石家庄铁道大学,物理类,547.0
石家庄铁道大学,物理类(必须选考),533.0
石家庄铁道大学,物理类类,512.0
石家庄铁道大学四方学院,不限,515.6666666666642
石家庄铁道大学四方学院,不限选考科目,472.0
石家庄铁道大学四方学院,历史类类,484.0
石家庄铁道大学四方学院,物理类,489.0
石家庄铁道大学四方学院,物理类(必须选考),458.0
石家庄铁道大学四方学院,物理类类,453.0
石河子大学,不限,522.6666666666679
石河子大学,物理类,539.8333333333358
石河子大学,物理类(必须选考),484.0
石河子大学,物理类/生物(选考一门即可),497.0
石河子大学,物理类类,472.0
福州大学,不限,578.0
福州大学,不限选考科目,587.0
福州大学,物理类,608.0
福州大学,物理类(必须选考),578.0
福州大学,物理类类,601.0
福建中医药大学,历史类类,518.0
福建中医药大学,物理类,567.3333333333321
福建中医药大学,物理类/生物(选考一门即可),542.0
福建农林大学,物理类,518.0
福建农林大学,物理类/生物(选考一门即可),492.0
福建农林大学,物理类类,457.0
福建医科大学,物理类,584.5
福建医科大学,物理类(均须选考),589.0
福建医科大学,物理类(选考一门即可),548.0
福建医科大学,物理类类,578.0
福建工程学院,物理类,497.0
福建工程学院,物理类(必须选考),469.0
福建工程学院,物理类类,463.0
福建理工大学,物理类,492.0
苏州大学,不限,616.3333333333335
苏州大学,不限选考科目,620.0
苏州大学,化学,641.3333333333321
苏州大学,化学(必须选考),611.0
苏州大学,化学+生物(均须选考),625.0
苏州大学,历史类类,532.9999999999964
苏州大学,物理类,629.3333333333339
苏州大学,物理类(必须选考),616.0
苏州大学,物理类类,614.0
苏州科技大学,不限,519.0
苏州科技大学,物理类,525.0
苏州科技大学,物理类(必须选考),507.0
苏州科技大学,物理类类,503.0
衡水学院,不限,509.66666666666424
衡水学院,不限选考科目,484.0
衡水学院,历史类类,503.0
衡阳师范学院,不限,515.6666666666642
衡阳师范学院,不限选考科目,472.0
衡阳师范学院,历史类,548.6666666666642
衡阳师范学院,历史类类,524.0
衡阳师范学院,政治/历史类/地理(选考一门即可),479.0
衡阳师范学院,物理类,591.0
衡阳师范学院,物理类(必须选考),471.0
衡阳师范学院,物理类/地理(选考一门即可),492.0
衡阳师范学院,物理类类,470.0
西交利物浦大学,不限,609.6666666666642
西交利物浦大学,不限选考科目(中外合作办学专业),577.0
西交利物浦大学,历史类类,519.0
西交利物浦大学,物理类,602.0
西交利物浦大学,物理类(必须选考)(中外合作办学专业),580.0
西交利物浦大学,物理类(选考一门即可)(中外合作办学专业),580.0
西交利物浦大学,物理类/历史类/地理(选考一门即可)(中外合作办学专业),598.0
西交利物浦大学,物理类/生物(选考一门即可)(中外合作办学专业),578.0
西交利物浦大学,物理类类,619.0
西交利物浦大学,物理类／历史类,603.0
西北农林科技大学,不限,612.6666666666679
西北农林科技大学,不限选考科目,580.0
西北农林科技大学,历史类类,527.9999999999982
西北农林科技大学,物理类,609.6666666666679
西北农林科技大学,物理类/生物(选考一门即可),585.0
西北农林科技大学,物理类类,604.0
西北大学,历史类,625.3333333333333
西北大学,历史类/地理(选考一门即可),618.0
西北大学,历史类类,526.9999999999964
西北大学,物理类/政治/历史类(选考一门即可),598.0
西北大学,物理类类,588.0
西北大学,物理类／历史类,606.0
西北工业大学,不限,631.0
西北工业大学,不限选考科目,625.0
西北工业大学,历史类类,541.0
西北工业大学,物理类,643.8888888888905
西北工业大学,物理类(必须选考),634.0
西北工业大学,物理类(必须选考)(中外合作办学专业),607.0
西北工业大学,物理类/生物(选考一门即可),627.0
西北工业大学,物理类类,645.0
西北工业大学(中外合作专业),物理类类,615.9999999999998
西北师范大学,不限,508.3333333333321
西北师范大学,不限选考科目,545.0
西北师范大学,历史类,560.0
西北师范大学,历史类(必须选考),545.0
西北师范大学,历史类类,543.0
西北师范大学,物理类,518.0
西北师范大学,物理类(必须选考),536.0
西北师范大学,物理类/地理(选考一门即可),563.0
西北师范大学,物理类类,520.0
西北政法大学,不限,625.3333333333339
西北政法大学,不限选考科目,594.0
西北政法大学,历史类类,567.0
西北民族大学,不限,543.0
西北民族大学,不限选考科目,487.0
西北民族大学,化学,514.6666666666642
西北民族大学,化学(必须选考),472.0
西北民族大学,历史类,548.3333333333358
西北民族大学,历史类(必须选考),493.0
西北民族大学,历史类类,505.0
西北民族大学,物理类类,465.0
西华大学,不限,486.0
西华大学,不限选考科目,491.0
西华大学,历史类类,505.0
西华大学,物理类类,482.0
西华大学,物理类／历史类,527.6666666666642
西华师范大学,不限,501.0
西华师范大学,物理类,462.0
西华师范大学,物理类(必须选考),474.0
西华师范大学,物理类类,460.0
西南交通大学,不限,600.0
西南交通大学,不限选考科目,600.0
西南交通大学,历史类,601.0
西南交通大学,历史类类,572.0
西南交通大学,政治/历史类/地理(选考一门即可),603.0
西南交通大学,物理类,594.7999999999984
西南交通大学,物理类(必须选考),598.0
西南交通大学,物理类(必须选考)(中外合作办学专业),596.0
西南交通大学,物理类(选考一门即可),612.0
西南交通大学,物理类类,612.0
西南交通大学(中外合作专业),物理类类,598.9999999999995
西南医科大学,化学+生物(均须选考),547.0
西南医科大学,物理类,571.3333333333321
西南医科大学,物理类类,506.0
西南大学,化学/历史类/地理(选考一门即可),593.0
西南大学,化学／历史类,609.3333333333339
西南大学,历史类,619.6666666666661
西南大学,历史类类,534.0
西南大学,政治/历史类(选考一门即可),595.0
西南大学,政治/历史类/地理(选考一门即可),599.0
西南大学,物理类,590.833333333333
西南大学,物理类(必须选考),585.0
西南大学,物理类/生物(选考一门即可),603.0
西南大学,物理类类,593.0
西南政法大学,不限,628.0
西南政法大学,不限选考科目,613.0
西南政法大学,历史类类,529.9999999999964
西南政法大学,物理类类,672.0
西南林业大学,历史类,514.3333333333358
西南林业大学,历史类类,500.0
西南林业大学,政治/历史类/地理(选考一门即可),474.0
西南民族大学,不限,538.3333333333321
西南民族大学,不限选考科目,515.0
西南民族大学,历史类类,528.0
西南民族大学,物理类,528.0
西南民族大学,物理类(必须选考),499.0
西南民族大学,物理类类,491.0
西南石油大学,不限,576.0
西南石油大学,物理类,599.0714285714348
西南石油大学,物理类(必须选考),546.0
西南石油大学,物理类(选考一门即可),565.0
西南石油大学,物理类类,525.0
西南科技大学,不限,510.66666666666424
西南科技大学,不限选考科目,480.0
西南科技大学,历史类类,501.0
西南科技大学,物理类,524.1666666666642
西南科技大学,物理类(必须选考),486.0
西南科技大学,物理类/生物(选考一门即可),479.0
西南科技大学,物理类类,473.0
西南财经大学,不限,621.333333333333
西南财经大学,不限选考科目,623.0
西南财经大学,不限选考科目(中外合作办学专业),617.0
西南财经大学,历史类类,565.0
西南财经大学,物理类,619.9285714285716
西南财经大学,物理类(必须选考),623.0
西南财经大学,物理类类,632.0
西南财经大学(中外合作专业),历史类类,628.0
西南财经大学(中外合作专业),物理类类,618.9999999999995
西南财经大学天府学院,不限,484.66666666666424
西南财经大学天府学院,不限选考科目,461.0
西南财经大学天府学院,历史类类,480.0
西南财经大学天府学院,物理类类,449.0
西安交通大学,历史类,643.75
西安交通大学,历史类/地理(选考一门即可),636.0
西安交通大学,历史类类,530.0
西安交通大学,政治/历史类(选考一门即可),638.0
西安交通大学,物理类,636.0
西安交通大学,物理类(必须选考),641.0
西安交通大学,物理类类,640.9999999999998
西安交通大学城市学院,不限,489.33333333333576
西安交通大学城市学院,不限选考科目,446.0
西安交通大学城市学院,物理类(必须选考),448.0
西安交通大学城市学院,物理类类,431.0
西安体育学院,不限,504.0
西安体育学院,不限选考科目,474.0
西安体育学院,历史类类,509.0
西安培华学院,不限,490.66666666666424
西安培华学院,不限选考科目,448.0
西安培华学院,历史类类,480.0
西安培华学院,物理类,472.0
西安培华学院,物理类(必须选考),438.0
西安培华学院,物理类类,428.0
西安培华学院,物理类／历史类,467.0
西安培华学院,生物/政治/地理(选考一门即可),438.0
西安培华学院,生物／思想政治,484.33333333333576
西安外国语大学,不限,523.0
西安外国语大学,不限选考科目,544.0
西安外国语大学,历史类类,564.0
西安外国语大学,物理类类,543.0
西安工业大学,不限,530.6666666666679
西安工业大学,不限选考科目,518.0
西安工业大学,历史类类,518.0
西安工业大学,物理类,577.6666666666642
西安工业大学,物理类(必须选考),526.0
西安工业大学,物理类类,510.0
西安工业大学北方信息工程学院,历史类类,480.0
西安工商学院,不限,475.0
西安工商学院,物理类(必须选考),438.0
西安工程大学,不限,522.6666666666679
西安工程大学,不限选考科目,493.0
西安工程大学,物理类类,473.0
西安建筑科技大学,物理类,562.6666666666679
西安建筑科技大学,物理类(必须选考)(中外合作办学专业),523.0
西安建筑科技大学,物理类/历史类(选考一门即可),593.0
西安建筑科技大学,物理类类,674.0
西安建筑科技大学,物理类／历史类,578.6666666666661
西安建筑科技大学(中外合作专业),物理类类,497.0
西安建筑科技大学华清学院,物理类,473.0
西安建筑科技大学华清学院,物理类(必须选考),444.0
西安建筑科技大学华清学院,物理类类,445.0
西安思源学院,不限,532.0
西安思源学院,历史类类,483.0
西安思源学院,物理类,483.0
西安思源学院,物理类(必须选考),437.0
西安思源学院,物理类类,429.0
西安理工大学,物理类,599.0
西安理工大学,物理类(必须选考),551.0
西安理工大学,物理类类,546.0
西安电子科技大学,不限,603.6666666666679
西安电子科技大学,不限选考科目,568.0
西安电子科技大学,历史类类,517.0
西安电子科技大学,物理类,641.0
西安电子科技大学,物理类(必须选考),624.0
西安电子科技大学,物理类类,639.0
西安石油大学,历史类类,531.0
西安石油大学,物理类,546.3333333333358
西安石油大学,物理类(必须选考),515.0
西安石油大学,物理类/历史类/地理(选考一门即可),508.0
西安石油大学,物理类类,514.0
西安石油大学,物理类／历史类,524.6666666666679
西安科技大学,物理类,532.3333333333321
西安科技大学,物理类(必须选考),519.0
西安科技大学,物理类类,510.0
西安科技大学高新学院,不限,508.3333333333285
西安科技大学高新学院,历史类类,480.0
西安科技大学高新学院,物理类,480.0
西安科技大学高新学院,物理类(必须选考),436.0
西安科技大学高新学院,物理类类,426.0
西安财经大学,不限,530.0
西安财经大学,历史类类,540.0
西安财经大学,物理类(必须选考),508.0
西安财经大学,物理类(选考一门即可),508.0
西安财经大学,物理类类,502.0
西安邮电大学,物理类,593.3333333333358
西安邮电大学,物理类(必须选考),547.0
西安邮电大学,物理类类,540.0
贵州大学,不限,590.6666666666679
贵州大学,不限选考科目,553.0
贵州大学,历史类,608.0
贵州大学,历史类类,560.0
贵州大学,物理类,594.0
贵州大学,物理类(必须选考),558.0
贵州大学,物理类类,568.0
贵州财经大学,不限,522.3333333333358
贵州财经大学,不限选考科目,498.0
贵州财经大学,历史类类,516.0
贵州财经大学,物理类类,496.0
赣东学院,不限,499.66666666666424
赣南科技学院,不限,494.33333333333576
辽宁中医药大学,化学,596.0
辽宁何氏医学院,化学+生物(均须选考),448.0
辽宁何氏医学院,物理类,482.16666666666424
辽宁何氏医学院,物理类/生物(选考一门即可),444.0
辽宁何氏医学院,物理类类,438.0
辽宁大学,不限,590.5
辽宁大学,不限选考科目,583.0
辽宁大学,不限选考科目(中外合作办学专业),558.0
辽宁大学,历史类类,556.0
辽宁大学,物理类,593.6666666666679
辽宁大学,物理类(必须选考),583.0
辽宁大学,物理类类,611.0
辽宁大学(中外合作专业),历史类类,469.0
辽宁对外经贸学院,不限,472.33333333333576
辽宁对外经贸学院,不限选考科目,439.0
辽宁对外经贸学院,历史类类,480.0
辽宁对外经贸学院,物理类类,431.0
辽宁工程技术大学,物理类,511.0
辽宁师范大学,不限,507.0
辽宁师范大学,历史类,491.99999999999955
辽宁师范大学,历史类类,516.0
辽宁师范大学,政治/历史类/地理(选考一门即可),512.0
辽宁师范大学,物理类,541.0
辽宁师范大学,物理类(必须选考),506.0
辽宁师范大学,物理类类,504.0
辽宁石油化工大学,物理类,498.66666666666424
辽宁石油化工大学,物理类(必须选考),473.0
辽宁石油化工大学,物理类(选考一门即可),472.0
辽宁石油化工大学,物理类类,468.0
辽宁科技大学,不限,515.6666666666642
辽宁科技大学,不限选考科目,478.0
辽宁科技大学,物理类,510.66666666666424
辽宁科技大学,物理类(必须选考),479.0
辽宁科技大学,物理类类,469.0
郑州大学,不限,594.6666666666661
郑州大学,不限选考科目,583.0
郑州大学,化学,566.0
郑州大学,化学+生物(均须选考),597.0
郑州大学,化学/生物(选考一门即可),576.0
郑州大学,历史类类,544.0
郑州大学,物理类,610.3333333333321
郑州大学,物理类(必须选考),591.0
郑州大学,物理类类,617.0
郑州工商学院,不限,480.33333333333576
郑州工商学院,不限选考科目,453.0
郑州工商学院,历史类类,480.0
郑州工商学院,物理类,435.0
郑州工商学院,物理类(必须选考),456.0
郑州工商学院,物理类类,449.0
郑州工程技术学院,不限,498.33333333333576
郑州工程技术学院,不限选考科目,476.0
郑州工程技术学院,化学+生物(均须选考),470.0
郑州工程技术学院,历史类类,494.0
郑州工程技术学院,物理类,491.15384615384755
郑州工程技术学院,物理类(均须选考),466.0
郑州工程技术学院,物理类(必须选考),470.0
郑州工程技术学院,物理类/历史类/地理(选考一门即可),469.0
郑州工程技术学院,物理类类,464.0
郑州工程技术学院,物理类／历史类,443.0
郑州航空工业管理学院,不限,491.6666666666679
郑州航空工业管理学院,不限选考科目,470.0
郑州航空工业管理学院,历史类类,498.0
郑州航空工业管理学院,物理类类,465.0
郑州财经学院,不限,495.0
郑州财经学院,物理类,497.0
郑州轻工业大学,不限,502.33333333333576
郑州轻工业大学,不限选考科目,473.0
郑州轻工业大学,历史类类,480.0
郑州轻工业大学,物理类,509.66666666666424
郑州轻工业大学,物理类(必须选考),474.0
郑州轻工业大学,物理类/生物(选考一门即可),474.0
郑州轻工业大学,物理类类,468.0
重庆交通大学,不限,524.0
重庆交通大学,不限选考科目,519.0
重庆交通大学,物理类,524.3333333333321
重庆交通大学,物理类(必须选考),511.0
重庆交通大学,物理类类,512.0
重庆医科大学,化学,573.0
重庆医科大学,化学(必须选考),549.0
重庆医科大学,化学+生物(均须选考),574.0
重庆医科大学,物理类,604.8289473684199
重庆医科大学,物理类(必须选考),544.0
重庆医科大学,物理类/生物(选考一门即可),544.0
重庆医科大学,物理类类,560.0
重庆大学,不限,634.3333333333339
重庆大学,不限选考科目,620.0
重庆大学,历史类类,530.0
重庆大学,物理类,598.823529411764
重庆大学,物理类(必须选考),621.0
重庆大学,物理类(必须选考)(中外合作办学专业),616.0
重庆大学,物理类类,634.0
重庆大学(中外合作专业),物理类类,632.0
重庆大学城市科技学院,历史类类,480.0
重庆大学城市科技学院,物理类(必须选考),441.0
重庆大学城市科技学院,物理类/生物(选考一门即可),441.0
重庆大学城市科技学院,物理类类,423.0
重庆工商大学,不限,522.6666666666661
重庆工商大学,不限选考科目,521.0
重庆工商大学,历史类类,534.0
重庆师范大学,不限,527.0
重庆师范大学,不限选考科目,521.0
重庆师范大学,化学,530.3333333333339
重庆师范大学,化学(必须选考),529.0
重庆师范大学,历史类,582.6666666666642
重庆师范大学,历史类(必须选考),538.0
重庆师范大学,历史类类,543.0
重庆师范大学,物理类类,514.0
重庆理工大学,不限,526.3333333333321
重庆理工大学,不限选考科目,503.0
重庆理工大学,物理类类,498.0
重庆科技学院,物理类,541.6666666666642
重庆科技学院,物理类/地理(选考一门即可),467.0
重庆科技学院,物理类类,510.0
重庆邮电大学,物理类,604.0
重庆邮电大学,物理类(必须选考),570.0
重庆邮电大学,物理类类,563.0
金陵科技学院,不限,496.0
金陵科技学院,不限选考科目,480.0
金陵科技学院,历史类,499.0
金陵科技学院,历史类类,505.0
金陵科技学院,物理类,495.0
金陵科技学院,物理类(必须选考),476.0
金陵科技学院,物理类类,480.0
金陵科技学院,物理类／历史类,480.0
锦州医科大学,化学+生物(均须选考),536.0
锦州医科大学,物理类,518.8571428571431
锦州医科大学,物理类类,516.0
锦州医科大学医疗学院,化学+生物(均须选考),453.0
锦州医科大学医疗学院,物理类,506.66666666666424
锦州医科大学医疗学院,物理类/生物(选考一门即可),471.0
锦州医科大学医疗学院,物理类类,453.0
长安大学,不限,590.0
长安大学,不限选考科目,574.0
长安大学,物理类,596.0
长安大学,物理类(必须选考),572.0
长安大学,物理类类,610.0
长春中医药大学,物理类,537.0
长春人文学院,不限,481.3333333333321
长春大学,不限,517.3333333333358
长春大学,不限选考科目,480.0
长春大学,历史类类,508.0
长春大学,物理类,491.0
长春大学,物理类(必须选考),476.0
长春大学,物理类类,470.0
长春工业大学,物理类,524.0
长春工业大学,物理类(必须选考),478.0
长春工业大学,物理类/政治/历史类(选考一门即可),477.0
长春工业大学,物理类/政治/地理(选考一门即可),474.0
长春工业大学,物理类类,475.0
长春工业大学,物理类／历史类,514.0
长春工业大学,物理类／思想政治,520.0
长春工程学院,不限,443.0
长春工程学院,不限选考科目,471.0
长春工程学院,历史类类,499.0
长春工程学院,物理类,493.1818181818162
长春工程学院,物理类(必须选考),476.0
长春工程学院,物理类(选考一门即可),475.0
长春工程学院,物理类类,466.0
长春师范大学,不限,487.5
长春师范大学,不限选考科目(中外合作办学专业),465.0
长春师范大学,物理类,480.5
长春师范大学,物理类(必须选考)(中外合作办学专业),490.0
长春师范大学(中外合作专业),历史类类,480.0
长春建筑学院,物理类,472.33333333333576
长春建筑学院,物理类(必须选考),452.0
长春建筑学院,物理类/历史类/地理(选考一门即可),458.0
长春建筑学院,物理类类,440.0
长春建筑学院,物理类／历史类,472.33333333333576
长春理工大学,不限,540.6666666666642
长春理工大学,不限选考科目,505.0
长春理工大学,化学,582.0
长春理工大学,物理类,585.0
长春理工大学,物理类(必须选考),506.0
长春理工大学,物理类类,505.0
长春理工大学光电信息学院,物理类(必须选考),439.0
长春理工大学光电信息学院,物理类类,443.0
长春电子科技学院,物理类,472.33333333333576
长春科技学院,物理类,508.6666666666715
长春科技学院,物理类/生物(选考一门即可),442.0
长春科技学院,物理类类,432.0
长春财经学院,不限,487.33333333333576
长春财经学院,不限选考科目,451.0
长春财经学院,历史类类,480.0
长江大学,不限,550.3333333333358
长江大学,不限选考科目,489.0
长江大学,历史类类,526.0
长江大学,物理类,546.6666666666642
长江大学,物理类/地理(选考一门即可),498.0
长江大学,物理类/生物(选考一门即可),481.0
长江大学,物理类类,486.0
长沙医学院,化学+生物(均须选考),460.0
长沙医学院,历史类类,481.0
长沙医学院,物理类,523.0
长沙医学院,物理类/生物(选考一门即可),473.0
长沙医学院,物理类类,451.0
长沙学院,不限,516.0
长沙学院,历史类类,498.0
长沙学院,物理类,504.0
长沙学院,物理类(必须选考),473.0
长沙学院,物理类/政治/历史类(选考一门即可),471.0
长沙学院,物理类类,461.0
长沙理工大学,不限,548.6666666666661
长沙理工大学,不限选考科目,549.0
长沙理工大学,历史类类,576.0
长沙理工大学,物理类,600.5555555555547
长沙理工大学,物理类(必须选考),557.0
长沙理工大学,物理类(必须选考)(中外合作办学专业),513.0
长沙理工大学,物理类(选考一门即可),528.0
长沙理工大学,物理类类,537.9999999999998
长沙理工大学(中外合作专业),物理类类,529.0
长沙理工大学城南学院,物理类,418.0
长沙理工大学城南学院,物理类(必须选考),441.0
长沙理工大学城南学院,物理类类,425.0
防灾科技学院,不限,514.6666666666642
防灾科技学院,不限选考科目,475.0
防灾科技学院,历史类类,505.0
防灾科技学院,地理,481.0
防灾科技学院,物理类,506.66666666666424
防灾科技学院,物理类(必须选考),475.0
防灾科技学院,物理类/地理(选考一门即可),493.0
防灾科技学院,物理类类,469.0
陆军工程大学,物理类,521.3333333333321
陆军工程大学,物理类(必须选考),503.0
陆军工程大学,物理类类,508.0
陕西师范大学,不限,612.0
陕西师范大学,不限选考科目,590.0
陕西师范大学,历史类,620.0
陕西师范大学,历史类类,510.0
陕西师范大学,政治/历史类(选考一门即可),595.0
陕西师范大学,物理类,611.6666666666661
陕西师范大学,物理类(必须选考),602.0
陕西师范大学,物理类/生物(选考一门即可),593.0
陕西师范大学,物理类类,612.0
陕西理工大学,不限,527.0
陕西理工大学,不限选考科目,478.0
陕西理工大学,历史类类,509.0
陕西理工大学,物理类,537.6666666666642
陕西理工大学,物理类(必须选考),499.0
陕西理工大学,物理类类,475.0
陕西科技大学,物理类,538.0
陕西科技大学,物理类(必须选考),521.0
陕西科技大学,物理类类,483.9999999999982
集美大学,不限,528.3333333333321
集美大学,不限选考科目,524.0
集美大学,历史类类,540.0
集美大学,物理类,501.0
集美大学,物理类类,515.0
集美大学诚毅学院,不限,489.33333333333576
集美大学诚毅学院,不限选考科目,455.0
集美大学诚毅学院,历史类类,493.0
集美大学诚毅学院,物理类类,457.0
青岛农业大学,不限,502.0
青岛农业大学,不限选考科目,478.0
青岛农业大学,历史类类,517.0
青岛农业大学,物理类,520.0
青岛农业大学,物理类/生物(选考一门即可),476.0
青岛农业大学,物理类类,472.0
青岛农业大学海都学院,不限,482.66666666666424
青岛农业大学海都学院,不限选考科目,449.0
青岛农业大学海都学院,历史类类,482.0
青岛农业大学海都学院,物理类类,433.0
青岛大学,化学+生物(均须选考),591.0
青岛大学,历史类类,552.0
青岛大学,物理类,569.8333333333339
青岛大学,物理类(必须选考),555.0
青岛大学,物理类+生物(均须选考),569.0
青岛大学,物理类类,577.0
青岛大学,物理类＋生物,572.0
青岛理工大学,化学,524.0
青岛理工大学,物理类,530.3333333333321
青岛理工大学,物理类(必须选考),510.0
青岛理工大学,物理类/生物(选考一门即可),520.0
青岛理工大学,物理类类,511.0
青岛科技大学,不限,542.6666666666679
青岛科技大学,不限选考科目,517.0
青岛科技大学,物理类,536.0
青岛科技大学,物理类(必须选考),504.0
青岛科技大学,物理类类,503.0
青海大学,化学+生物(均须选考),553.0
青海大学,物理类,583.5
青海大学,物理类(必须选考),547.0
青海大学,物理类/政治/地理(选考一门即可),552.0
青海大学,物理类类,531.9999999999995
青海大学,物理类／思想政治,586.3333333333321
首都体育学院,不限,516.3333333333358
首都医科大学,不限,576.1666666666679
首都医科大学,不限选考科目,549.0
首都医科大学,物理类,590.7142857142844
首都医科大学,物理类(均须选考),600.0
首都医科大学,物理类(必须选考),546.0
首都医科大学,物理类(选考一门即可),564.0
首都医科大学,物理类/生物(选考一门即可),563.0
首都医科大学,物理类类,436.0
首都师范大学,不限,571.6666666666666
首都师范大学,不限选考科目,578.0
首都师范大学,历史类,592.6666666666665
首都师范大学,历史类(必须选考),595.0
首都师范大学,历史类类,495.0
首都师范大学,地理,590.666666666667
首都师范大学,地理(必须选考),585.0
首都师范大学,政治(必须选考),579.0
首都师范大学,物理类,589.0000000000018
首都师范大学,物理类(必须选考),578.5
首都师范大学,物理类(选考一门即可),572.0
首都师范大学,物理类/地理(选考一门即可),586.0
首都师范大学,物理类/生物(选考一门即可),573.0
首都师范大学,物理类类,574.0
首都师范大学科德学院,不限,472.33333333333576
首都师范大学科德学院,不限选考科目,436.0
首都师范大学科德学院,历史类类,480.0
首都师范大学科德学院,物理类类,423.0
首都经济贸易大学,不限,568.9852941176468
首都经济贸易大学,不限选考科目,558.5
首都经济贸易大学,历史类类,436.0
首都经济贸易大学,物理类,570.310344827587
首都经济贸易大学,物理类(必须选考),564.0
首都经济贸易大学,物理类(选考一门即可),581.0
首都经济贸易大学,物理类/生物(选考一门即可),559.0
首都经济贸易大学,物理类类,519.0
鲁东大学,不限,485.33333333333326
鲁东大学,历史类/地理(选考一门即可),521.0
鲁东大学,历史类类,530.0
鲁东大学,物理类类,469.0
黑龙江外国语学院,不限,472.33333333333576
黑龙江外国语学院,不限选考科目,465.0
黑龙江外国语学院,历史类类,480.0
黑龙江大学,不限,521.0
黑龙江大学,不限选考科目,526.0
黑龙江大学,历史类,506.0
黑龙江大学,历史类类,526.0
黑龙江大学,政治/历史类/地理(选考一门即可),498.0
黑龙江大学,物理类,534.5
黑龙江大学,物理类(必须选考),510.0
黑龙江大学,物理类/生物(选考一门即可),517.0
黑龙江大学,物理类类,501.0
黑龙江科技大学,不限,504.66666666666424
黑龙江科技大学,物理类,498.66666666666424
黑龙江科技大学,物理类(必须选考),471.0
黑龙江科技大学,物理类类,466.0
齐鲁医药学院,不限选考科目,483.0
齐鲁医药学院,物理类,516.0
齐鲁医药学院,物理类+生物(均须选考),483.0
齐鲁医药学院,物理类/生物(选考一门即可),469.0
齐鲁医药学院,物理类类,451.0
齐鲁医药学院,物理类＋生物,526.0
齐鲁工业大学,物理类,537.0
齐鲁工业大学,物理类/生物(选考一门即可),490.0
齐鲁工业大学,物理类类,465.0
齐齐哈尔医学院,不限,497.6666666666679
齐齐哈尔医学院,不限选考科目,458.0
齐齐哈尔医学院,化学,455.9999999999982
齐齐哈尔医学院,化学(必须选考),500.0
齐齐哈尔医学院,化学+生物(均须选考),500.0
齐齐哈尔医学院,化学/生物(选考一门即可),506.0
齐齐哈尔医学院,物理类,547.0
齐齐哈尔医学院,物理类+生物(均须选考),510.0
齐齐哈尔医学院,物理类类,476.0
齐齐哈尔医学院,物理类＋生物,541.3333333333321
齐齐哈尔大学,不限,497.33333333333576
齐齐哈尔大学,不限选考科目,474.0
齐齐哈尔大学,化学,491.6666666666679
齐齐哈尔大学,化学(必须选考),468.0
齐齐哈尔大学,历史类类,499.0
齐齐哈尔大学,物理类,529.5
齐齐哈尔大学,物理类(必须选考),471.0
齐齐哈尔大学,物理类类,465.0
